,Year,Week,SMN,SMT,VCI,TCI,VHI,Area-VHI-LESS-15,Area-VHI-LESS-35
0,1981,35,0.2247,283.823,20.44,85.68,53.06,0.0,2.77
1,1981,36,0.2367,285.626,30.82,67.23,49.02,0.11,9.36
2,1981,37,0.2429,286.597,40.19,46.31,43.25,0.28,22.59
3,1981,38,0.2436,286.8,47.44,32.14,39.79,0.44,33.06
4,1981,39,0.2365,285.955,51.95,26.32,39.14,0.33,35.44
5,1981,40,0.2209,284.069,53.12,27.38,40.25,0.44,31.12
6,1981,41,0.1951,280.992,49.78,35.44,42.61,0.33,25.03
7,1981,42,0.1631,277.001,41.98,47.96,44.97,0.22,19.99
8,1981,43,0.13,272.414,32.47,62.0,47.23,0.22,17.22
9,1981,44,0.1031,268.063,25.11,71.32,48.22,0.17,15.56
10,1981,45,0.084,264.062,22.0,76.7,49.35,0.0,12.29
11,1981,46,0.0706,260.543,22.05,78.78,50.42,0.0,10.35
12,1981,47,0.0644,257.989,27.14,79.57,53.35,0.0,7.25
13,1981,48,0.0608,256.322,32.76,78.55,55.66,0.0,6.53
14,1981,49,0.0563,254.703,31.27,80.21,55.74,0.0,6.87
15,1981,50,0.055,253.446,31.19,82.33,56.76,0.11,6.7
16,1981,51,0.0555,252.999,34.51,82.58,58.54,0.0,6.26
17,1981,52,0.058,254.027,41.06,75.44,58.25,0.05,7.92
18,1982,1,0.062,256.138,50.1,61.12,55.61,0.22,10.52
19,1982,2,0.0655,258.691,53.74,45.15,49.44,0.17,15.45
20,1982,3,0.0685,260.956,56.1,34.38,45.24,0.22,19.55
21,1982,4,0.0708,263.339,55.97,27.07,41.52,0.44,27.46
22,1982,5,0.0714,265.253,50.58,24.59,37.58,0.5,41.36
23,1982,6,0.0729,266.778,45.83,24.1,34.96,0.55,52.88
24,1982,7,0.0752,268.164,42.19,24.33,33.26,0.55,61.35
25,1982,8,0.082,269.993,42.72,23.78,33.25,0.44,61.3
26,1982,9,0.0878,271.836,42.21,27.89,35.05,0.11,50.83
27,1982,10,0.0926,273.436,40.72,28.07,34.39,0.17,54.82
28,1982,11,0.0994,274.986,38.98,28.5,33.74,0.05,57.97
29,1982,12,0.1079,276.62,37.85,30.0,33.92,0.22,56.42
30,1982,13,0.1147,278.108,36.71,30.13,33.42,0.28,60.74
31,1982,14,0.12,279.341,35.88,29.66,32.77,0.33,64.73
32,1982,15,0.1236,279.955,34.15,31.01,32.58,0.61,66.5
33,1982,16,0.1366,281.091,19.24,56.4,37.82,0.72,42.03
34,1982,17,0.1555,282.66,19.07,61.45,40.26,0.39,31.56
35,1982,18,0.1839,284.663,22.56,60.2,41.38,0.22,25.64
36,1982,19,0.2255,287.204,30.67,53.99,42.33,0.17,23.2
37,1982,20,0.2705,289.263,38.44,46.48,42.46,0.11,21.82
38,1982,21,0.3009,289.966,44.47,45.11,44.79,0.17,16.56
39,1982,22,0.3176,290.217,47.33,44.94,46.13,0.22,15.28
40,1982,23,0.3207,290.031,47.53,47.49,47.51,0.17,12.68
41,1982,24,0.3107,289.211,43.08,54.98,49.03,0.0,10.08
42,1982,25,0.3003,288.589,39.17,61.34,50.25,0.05,6.98
43,1982,26,0.2927,288.444,36.6,64.14,50.37,0.0,7.31
44,1982,27,0.2937,289.076,37.76,61.9,49.83,0.05,9.3
45,1982,28,0.3026,290.173,42.46,56.71,49.58,0.11,10.24
46,1982,29,0.3142,291.456,48.58,49.78,49.18,0.11,10.63
47,1982,30,0.3182,292.296,45.94,45.65,45.8,0.0,16.17
48,1982,31,0.3173,292.819,47.15,41.82,44.48,0.22,20.38
49,1982,32,0.3124,292.929,46.21,40.71,43.46,0.66,22.7
50,1982,33,0.3113,292.982,47.51,38.75,43.13,1.11,24.81
51,1982,34,0.3075,292.957,48.66,33.05,40.85,2.1,31.34
52,1982,35,0.3007,292.493,50.66,25.7,38.18,2.55,39.31
53,1982,36,0.289,291.864,52.6,17.63,35.11,3.27,49.78
54,1982,37,0.2674,290.588,50.74,13.4,32.07,4.71,61.19
55,1982,38,0.2458,288.706,48.41,16.3,32.35,4.32,60.19
56,1982,39,0.2192,286.237,43.78,23.96,33.87,3.16,55.54
57,1982,40,0.1921,283.931,38.77,28.32,33.54,4.82,56.09
58,1982,41,0.1682,282.259,35.65,25.26,30.45,7.31,68.27
59,1982,42,0.1519,280.644,35.85,20.28,28.06,9.08,76.41
60,1982,43,0.1374,278.828,36.66,16.39,26.52,10.69,82.23
61,1982,44,0.123,276.873,37.8,12.94,25.37,12.62,85.82
62,1982,45,0.1051,274.741,37.25,11.99,24.62,14.12,87.6
63,1982,46,0.0944,273.183,42.35,8.84,25.59,12.51,84.55
64,1982,47,0.0867,271.329,49.01,8.57,28.79,7.75,73.31
65,1982,48,0.0787,268.967,52.32,11.29,31.81,4.65,63.51
66,1982,49,0.0726,266.978,51.08,13.42,32.25,4.6,61.52
67,1982,50,0.0669,265.103,46.56,16.8,31.68,6.09,63.62
68,1982,51,0.0653,263.028,47.32,23.51,35.42,3.65,51.55
69,1982,52,0.0626,261.535,47.21,30.37,38.79,2.38,41.81
70,1983,1,0.0608,261.372,48.63,30.1,39.36,1.99,39.37
71,1983,2,0.0596,261.932,46.13,27.78,36.96,1.88,45.02
72,1983,3,0.0587,262.31,44.35,27.76,36.05,1.83,48.17
73,1983,4,0.0592,262.812,43.42,29.57,36.49,0.89,45.57
74,1983,5,0.0554,262.158,35.49,37.66,36.57,0.33,45.96
75,1983,6,0.0482,261.765,25.3,43.76,34.53,0.77,55.15
76,1983,7,0.0466,262.652,21.22,45.32,33.27,0.83,60.41
77,1983,8,0.0454,263.01,18.31,49.98,34.14,0.44,57.59
78,1983,9,0.0468,263.485,16.97,66.16,41.56,0.05,24.47
79,1983,10,0.0531,264.837,17.74,66.19,41.96,0.11,24.47
80,1983,11,0.0582,265.931,16.8,67.14,41.97,0.17,27.3
81,1983,12,0.0668,267.449,17.02,67.03,42.02,0.28,27.35
82,1983,13,0.0819,270.176,20.76,61.08,40.92,0.11,32.34
83,1983,14,0.1002,273.464,26.65,52.1,39.38,0.39,37.82
84,1983,15,0.1231,277.134,33.73,41.32,37.52,0.39,42.08
85,1983,16,0.1475,280.094,25.11,62.03,43.57,0.33,25.47
86,1983,17,0.1753,283.185,28.66,57.8,43.23,0.11,26.3
87,1983,18,0.2065,285.664,32.54,53.76,43.15,0.05,25.14
88,1983,19,0.2344,287.632,34.37,51.42,42.9,0.17,25.69
89,1983,20,0.2626,289.865,35.19,43.02,39.1,0.17,35.83
90,1983,21,0.2842,290.778,37.94,39.95,38.95,0.5,35.38
91,1983,22,0.3014,291.479,40.71,36.7,38.7,0.22,35.44
92,1983,23,0.3124,292.021,43.69,34.15,38.92,0.17,34.72
93,1983,24,0.3063,291.042,40.79,42.81,41.8,0.0,24.53
94,1983,25,0.3042,290.902,40.07,46.03,43.05,0.05,20.32
95,1983,26,0.3075,291.754,41.58,41.39,41.49,0.17,26.08
96,1983,27,0.3047,291.785,41.29,42.88,42.09,0.22,25.08
97,1983,28,0.2937,291.331,38.7,48.16,43.43,0.11,24.03
98,1983,29,0.2824,290.804,35.91,54.85,45.38,0.17,20.49
99,1983,30,0.2771,290.777,26.66,58.07,42.36,0.28,26.69
100,1983,31,0.2864,291.361,32.02,54.6,43.31,0.44,25.64
101,1983,32,0.2947,291.879,37.08,50.33,43.71,0.72,23.75
102,1983,33,0.2999,292.442,41.44,43.85,42.64,0.83,28.35
103,1983,34,0.302,292.824,45.72,34.37,40.04,1.83,35.6
104,1983,35,0.2996,293.137,50.14,19.87,35.01,3.99,52.05
105,1983,36,0.2864,292.464,51.56,12.51,32.04,4.04,63.29
106,1983,37,0.2647,290.7,49.64,12.18,30.91,3.99,67.72
107,1983,38,0.2447,289.176,48.04,11.82,29.93,4.37,71.48
108,1983,39,0.2282,287.334,48.1,14.24,31.17,3.05,67.11
109,1983,40,0.2076,285.014,46.53,19.22,32.87,1.88,58.64
110,1983,41,0.1844,282.526,44.03,22.92,33.47,2.05,56.76
111,1983,42,0.1639,280.134,42.28,24.01,33.14,1.99,58.92
112,1983,43,0.1443,278.056,40.7,21.68,31.19,3.6,66.94
113,1983,44,0.1298,275.483,42.3,21.69,31.99,3.21,63.18
114,1983,45,0.1162,272.511,45.4,25.31,35.36,1.0,49.22
115,1983,46,0.103,269.624,49.59,28.83,39.21,0.17,34.72
116,1983,47,0.0945,267.422,56.65,29.74,43.19,0.05,23.37
117,1983,48,0.0878,265.934,62.35,27.79,45.06,0.05,19.43
118,1983,49,0.0806,264.44,60.66,27.57,44.11,0.28,22.92
119,1983,50,0.0761,263.456,57.99,26.01,42.0,0.55,30.9
120,1983,51,0.0726,263.283,56.39,21.5,38.94,1.99,40.92
121,1983,52,0.0725,262.982,59.83,21.11,40.47,1.72,35.99
122,1984,1,0.0726,262.246,64.09,24.77,44.43,0.94,26.41
123,1984,2,0.0687,261.152,57.9,31.81,44.85,0.89,25.08
124,1984,3,0.0653,260.395,52.41,36.92,44.66,0.61,24.53
125,1984,4,0.0598,260.013,44.05,41.61,42.83,0.22,28.18
126,1984,5,0.0546,259.501,34.81,47.86,41.33,0.0,31.4
127,1984,6,0.0508,259.403,27.42,51.9,39.66,0.0,36.93
128,1984,7,0.049,260.08,22.78,53.97,38.37,0.05,41.64
129,1984,8,0.0498,261.292,21.05,55.29,38.17,0.0,41.97
130,1984,9,0.0523,262.889,20.15,67.62,43.88,0.0,16.67
131,1984,10,0.057,264.753,19.77,65.96,42.87,0.0,20.16
132,1984,11,0.0661,267.734,20.87,59.55,40.21,0.0,28.96
133,1984,12,0.0789,271.33,22.98,51.69,37.34,0.0,40.59
134,1984,13,0.0928,274.839,26.0,43.24,34.62,0.05,54.65
135,1984,14,0.1091,278.213,30.88,33.98,32.43,0.28,65.12
136,1984,15,0.1267,281.079,35.54,26.34,30.94,0.89,72.32
137,1984,16,0.1442,283.52,23.3,40.38,31.84,2.21,65.61
138,1984,17,0.1595,284.991,21.22,45.59,33.4,1.55,59.3
139,1984,18,0.1762,285.993,19.28,50.7,34.99,1.05,51.88
140,1984,19,0.1916,286.671,16.32,56.95,36.63,0.72,45.51
141,1984,20,0.2065,286.724,14.83,63.16,38.99,0.33,34.88
142,1984,21,0.2222,286.689,15.09,67.28,41.18,0.28,26.8
143,1984,22,0.2367,286.514,16.51,70.22,43.37,0.22,19.93
144,1984,23,0.2451,285.992,18.08,75.42,46.75,0.05,11.9
145,1984,24,0.2593,286.364,23.26,76.08,49.67,0.05,8.19
146,1984,25,0.2712,286.831,28.17,75.61,51.89,0.05,6.87
147,1984,26,0.2773,286.973,31.0,77.15,54.07,0.05,5.32
148,1984,27,0.2836,287.347,34.15,76.99,55.57,0.0,4.87
149,1984,28,0.2903,288.0,38.16,75.25,56.7,0.0,4.98
150,1984,29,0.2976,288.8,42.57,72.74,57.65,0.0,4.54
151,1984,30,0.2998,289.59,37.74,69.38,53.56,0.0,5.65
152,1984,31,0.2908,289.732,34.7,69.35,52.03,0.0,7.42
153,1984,32,0.2811,289.827,31.13,68.88,50.0,0.05,10.91
154,1984,33,0.2706,289.641,27.69,69.01,48.35,0.17,14.45
155,1984,34,0.2586,289.262,25.44,66.52,45.98,0.22,18.66
156,1984,35,0.2367,288.087,21.88,65.69,43.78,0.11,22.26
157,1984,36,0.2099,286.454,18.39,64.02,41.2,0.61,29.96
158,1984,37,0.1893,285.136,16.74,58.83,37.78,1.27,42.14
159,1984,38,0.1693,283.844,14.08,56.85,35.47,2.6,50.55
160,1984,39,0.1478,281.654,10.4,62.27,36.34,2.16,46.12
161,1984,40,0.1345,279.764,10.5,62.25,36.37,2.49,45.51
162,1984,41,0.1237,278.416,12.66,56.15,34.41,4.26,52.49
163,1984,42,0.1171,277.57,16.8,43.72,30.26,8.47,66.89
164,1984,43,0.1089,275.965,20.11,37.13,28.62,11.02,72.92
165,1984,44,0.0983,273.607,22.03,35.06,28.54,10.8,72.81
166,1984,45,0.0881,271.38,25.08,33.0,29.04,9.86,71.93
167,1984,46,0.0834,269.417,33.3,30.25,31.78,5.7,63.95
168,1984,47,0.0787,267.198,41.72,31.14,36.43,2.38,50.17
169,1984,48,0.0744,264.911,48.24,33.51,40.87,0.89,37.98
170,1984,49,0.0722,262.674,51.29,37.66,44.47,0.66,27.63
171,1984,50,0.0726,260.81,54.28,41.86,48.07,0.33,19.05
172,1984,51,0.0734,258.587,58.17,50.94,54.55,0.17,8.86
173,1984,52,0.0762,256.061,65.13,64.52,64.82,0.0,1.88
174,1985,1,0.077,253.479,70.52,76.9,73.71,0.0,0.33
175,1985,2,0.0758,251.496,67.33,82.78,75.06,0.0,0.17
176,1985,3,0.0742,249.985,63.4,86.28,74.83,0.0,0.28
177,1985,4,0.0721,248.694,57.83,88.34,73.09,0.0,0.17
178,1985,5,0.0696,247.84,49.17,89.75,69.46,0.0,0.11
188,1985,15,0.1216,278.765,33.17,35.19,34.18,0.66,58.03
189,1985,16,0.1524,282.671,27.09,45.83,36.46,1.22,48.73
190,1985,17,0.1795,285.504,30.22,41.96,36.08,0.77,50.0
191,1985,18,0.2016,287.307,30.09,41.78,35.93,1.05,49.78
192,1985,19,0.2273,288.391,30.98,45.52,38.25,0.77,40.7
193,1985,20,0.2508,290.336,30.59,39.28,34.93,1.16,52.38
194,1985,21,0.2654,289.996,30.57,45.25,37.91,0.44,41.53
195,1985,22,0.2761,289.771,30.77,48.61,39.69,0.33,32.95
196,1985,23,0.2793,289.367,30.66,52.79,41.72,0.17,25.36
197,1985,24,0.277,288.503,29.56,61.2,45.38,0.0,14.62
198,1985,25,0.2771,288.355,30.11,64.74,47.43,0.11,11.35
199,1985,26,0.2838,288.936,33.06,62.56,47.81,0.0,11.52
200,1985,27,0.2923,289.697,36.99,58.79,47.89,0.0,12.07
201,1985,28,0.2942,290.066,39.22,58.38,48.8,0.05,11.41
202,1985,29,0.3,290.736,43.0,56.23,49.62,0.11,11.96
203,1985,30,0.3061,291.356,39.88,53.94,46.91,0.28,14.45
204,1985,31,0.3114,292.301,43.89,46.55,45.22,0.5,20.54
205,1985,32,0.3182,293.179,48.72,38.58,43.65,1.16,24.92
206,1985,33,0.3129,293.493,47.89,34.23,41.06,2.1,32.12
207,1985,34,0.2997,293.183,44.39,31.34,37.86,3.93,40.53
208,1985,35,0.2793,291.97,40.45,30.89,35.67,5.26,46.29
209,1985,36,0.2582,290.224,38.71,32.02,35.36,4.76,47.95
210,1985,37,0.2341,287.93,35.77,35.72,35.75,4.21,47.84
211,1985,38,0.2115,285.937,32.79,39.48,36.13,2.82,46.57
212,1985,39,0.1885,283.509,29.29,47.22,38.25,1.16,39.37
213,1985,40,0.1613,280.595,23.71,56.03,39.87,0.44,33.5
214,1985,41,0.1344,277.811,18.33,61.15,39.74,0.22,33.28
215,1985,42,0.1133,275.496,15.06,59.12,37.09,0.89,42.08
216,1985,43,0.0966,273.211,13.2,56.37,34.78,1.94,52.38
217,1985,44,0.0826,270.519,12.14,55.24,33.69,2.44,56.15
218,1985,45,0.0686,267.134,10.59,58.8,34.69,2.55,53.27
219,1985,46,0.0543,263.232,7.44,65.01,36.23,2.55,48.12
220,1985,47,0.0419,260.449,3.99,67.65,35.82,3.43,48.12
221,1985,48,0.0344,258.737,2.25,66.97,34.6,5.48,51.88
222,1985,49,0.0335,258.37,2.56,61.36,31.96,11.52,58.47
223,1985,50,0.0344,258.09,4.1,56.97,30.53,16.89,62.07
224,1985,51,0.035,257.361,7.35,57.14,32.24,15.78,56.37
225,1985,52,0.0339,255.744,8.97,64.84,36.9,7.47,45.9
226,1986,1,0.0331,254.835,10.43,67.93,39.18,4.1,40.81
227,1986,2,0.0346,255.031,13.45,64.39,38.92,2.71,40.97
228,1986,3,0.0345,256.163,15.1,58.1,36.6,2.88,48.06
229,1986,4,0.0341,257.306,15.99,54.36,35.17,1.94,53.6
230,1986,5,0.0341,258.162,15.44,54.01,34.72,1.11,55.92
231,1986,6,0.0346,259.313,13.98,53.01,33.49,0.5,60.24
232,1986,7,0.0352,260.775,12.59,52.19,32.39,0.28,66.28
233,1986,8,0.0348,262.398,10.99,52.17,31.58,0.28,69.99
234,1986,9,0.0377,264.677,11.15,61.06,36.1,0.0,47.01
235,1986,10,0.0437,267.585,12.08,54.45,33.26,0.05,60.91
236,1986,11,0.055,270.866,14.85,46.44,30.64,0.55,73.81
237,1986,12,0.0686,274.111,17.64,40.19,28.91,1.16,81.56
238,1986,13,0.0857,277.617,22.31,31.52,26.92,3.1,87.87
239,1986,14,0.1127,281.493,32.26,20.1,26.18,3.71,89.98
240,1986,15,0.1466,285.109,44.05,10.02,27.03,3.05,89.59
241,1986,16,0.1832,288.003,42.43,9.83,26.13,7.31,87.21
242,1986,17,0.2259,290.407,51.92,7.53,29.72,2.82,75.31
243,1986,18,0.2678,292.17,59.29,6.9,33.1,1.22,59.97
244,1986,19,0.301,293.494,62.47,8.21,35.34,0.83,49.22
245,1986,20,0.3253,294.585,58.3,9.75,34.03,0.77,55.21
246,1986,21,0.3382,294.856,58.06,10.63,34.35,0.94,53.76
247,1986,22,0.3504,295.05,59.34,11.5,35.42,0.55,48.51
248,1986,23,0.359,295.472,61.85,9.97,35.91,0.55,45.79
249,1986,24,0.3602,295.488,61.86,10.13,35.99,1.11,44.79
250,1986,25,0.356,295.398,60.11,11.95,36.03,1.22,44.79
251,1986,26,0.3465,295.058,56.58,15.93,36.25,1.66,44.46
252,1986,27,0.3339,294.607,52.61,20.5,36.55,2.16,43.91
253,1986,28,0.3156,294.137,47.22,24.77,36.0,3.21,46.84
254,1986,29,0.2955,293.567,40.92,31.59,36.26,3.82,46.24
255,1986,30,0.2846,293.148,29.87,38.49,34.18,3.71,54.15
256,1986,31,0.2786,292.873,28.19,41.79,34.99,3.65,50.89
257,1986,32,0.2716,292.017,26.01,49.24,37.62,2.16,41.36
258,1986,33,0.2632,291.173,23.83,55.14,39.48,1.5,34.99
259,1986,34,0.2493,289.574,21.07,63.49,42.28,0.33,25.97
260,1986,35,0.2351,287.988,21.27,66.27,43.77,0.33,22.32
261,1986,36,0.2219,286.471,23.69,63.78,43.73,0.33,22.26
262,1986,37,0.2116,284.903,26.57,60.9,43.74,0.28,22.09
263,1986,38,0.2074,283.875,31.2,57.0,44.1,0.28,20.21
264,1986,39,0.2074,283.106,38.12,50.83,44.47,0.17,19.43
265,1986,40,0.1996,282.238,42.39,42.58,42.48,0.33,22.76
266,1986,41,0.183,280.884,43.26,36.52,39.89,0.55,30.34
267,1986,42,0.1619,279.285,41.25,30.72,35.98,1.44,45.07
268,1986,43,0.136,277.29,35.83,27.43,31.63,2.88,65.95
269,1986,44,0.1074,274.932,27.76,25.89,26.82,8.75,81.62
270,1986,45,0.0837,272.661,21.66,24.97,23.32,17.5,88.98
271,1986,46,0.0661,270.514,17.95,24.1,21.03,26.74,92.19
272,1986,47,0.0559,268.304,18.4,25.22,21.81,25.47,90.25
273,1986,48,0.0498,266.02,19.9,27.63,23.77,20.65,85.55
274,1986,49,0.0464,263.177,18.98,35.06,27.02,14.34,76.58
275,1986,50,0.0446,259.838,17.85,47.86,32.85,5.48,58.86
276,1986,51,0.0433,257.03,18.57,60.62,39.59,2.05,38.37
277,1986,52,0.0426,254.69,20.52,72.7,46.61,0.11,19.77
278,1987,1,0.0404,253.309,20.22,77.74,48.98,0.0,14.56
279,1987,2,0.0378,252.784,17.38,76.58,46.98,0.05,16.56
280,1987,3,0.0371,252.991,17.95,73.68,45.81,0.0,17.72
281,1987,4,0.0344,253.664,16.01,70.54,43.28,0.0,23.2
282,1987,5,0.0315,254.408,12.79,69.41,41.1,0.05,31.4
283,1987,6,0.0307,254.977,10.69,69.64,40.17,0.11,34.61
284,1987,7,0.0327,256.18,10.64,69.42,40.03,0.0,34.22
285,1987,8,0.0373,258.087,12.6,68.22,40.41,0.0,31.78
286,1987,9,0.04,259.634,12.48,83.66,48.07,0.0,6.37
287,1987,10,0.0415,260.854,10.75,83.95,47.35,0.0,9.25
288,1987,11,0.0466,262.651,10.33,81.81,46.07,0.0,12.46
289,1987,12,0.0553,265.144,10.95,77.17,44.06,0.0,18.0
290,1987,13,0.0661,267.69,12.94,71.96,42.45,0.05,23.03
291,1987,14,0.0853,271.446,19.84,61.13,40.49,0.05,29.68
292,1987,15,0.1057,275.505,26.44,48.48,37.46,0.11,41.2
293,1987,16,0.1241,278.892,13.12,71.16,42.14,0.22,24.97
294,1987,17,0.1448,282.084,14.16,65.98,40.07,0.44,30.68
295,1987,18,0.16,283.84,11.98,66.28,39.13,0.55,34.66
296,1987,19,0.1807,284.958,11.44,70.06,40.75,0.22,29.12
297,1987,20,0.2043,286.184,13.78,67.43,40.6,0.17,28.52
298,1987,21,0.2291,287.382,17.19,63.14,40.17,0.39,29.73
299,1987,22,0.2511,287.916,21.34,61.03,41.18,0.11,25.42
300,1987,23,0.2753,288.615,29.06,57.74,43.4,0.0,18.05
301,1987,24,0.2986,289.839,37.86,51.43,44.64,0.17,16.67
302,1987,25,0.3215,290.936,46.82,45.64,46.23,0.0,12.24
303,1987,26,0.3293,291.14,50.02,46.22,48.12,0.0,9.64
304,1987,27,0.3347,291.786,52.9,42.93,47.92,0.05,11.57
305,1987,28,0.3272,291.755,51.78,44.83,48.3,0.11,12.24
306,1987,29,0.308,291.073,45.99,53.4,49.7,0.11,11.57
307,1987,30,0.2911,290.381,33.19,62.07,47.63,0.22,13.34
308,1987,31,0.2794,289.384,28.93,71.35,50.14,0.11,8.8
309,1987,32,0.2796,288.915,30.06,75.82,52.94,0.05,5.32
310,1987,33,0.2851,288.735,34.53,76.57,55.54,0.0,3.32
311,1987,34,0.2874,288.513,39.07,73.46,56.26,0.0,3.43
312,1987,35,0.2821,288.013,42.21,67.02,54.61,0.0,4.04
313,1987,36,0.2775,287.321,47.64,57.17,52.4,0.0,5.26
314,1987,37,0.2638,286.245,49.17,49.93,49.55,0.0,8.25
315,1987,38,0.2452,285.033,48.1,47.14,47.62,0.05,11.07
316,1987,39,0.2207,283.442,44.33,47.68,46.0,0.17,14.18
317,1987,40,0.1996,281.898,42.35,45.19,43.77,0.22,19.99
318,1987,41,0.1795,279.499,41.49,47.52,44.5,0.05,18.88
319,1987,42,0.1555,276.937,37.79,48.31,43.05,0.11,24.69
320,1987,43,0.1303,274.068,32.58,50.46,41.52,0.22,28.74
321,1987,44,0.1089,270.743,28.81,54.13,41.47,0.17,29.9
322,1987,45,0.087,267.096,24.08,59.42,41.75,0.44,32.06
323,1987,46,0.0714,264.037,22.61,60.93,41.77,0.83,33.28
324,1987,47,0.0611,262.244,23.73,58.83,41.28,1.16,35.27
325,1987,48,0.0527,261.085,23.33,55.25,39.29,1.61,40.53
326,1987,49,0.0511,260.668,24.93,49.51,37.22,2.6,46.18
327,1987,50,0.0506,260.324,25.69,44.91,35.3,4.76,52.44
328,1987,51,0.0507,260.401,28.37,39.58,33.97,6.98,56.31
329,1987,52,0.0527,260.876,34.06,34.24,34.15,6.59,54.76
330,1988,1,0.0542,261.288,39.54,30.4,34.97,6.09,51.55
331,1988,2,0.055,260.412,40.1,35.75,37.92,3.49,42.47
332,1988,3,0.0543,260.221,39.01,37.92,38.46,2.21,40.64
333,1988,4,0.0542,260.236,37.85,40.8,39.33,1.05,39.04
334,1988,5,0.0543,259.693,34.46,47.14,40.8,0.39,33.39
335,1988,6,0.0539,258.966,30.09,53.49,41.79,0.11,29.4
336,1988,7,0.0544,258.738,26.93,58.52,42.72,0.0,26.25
337,1988,8,0.055,259.091,24.74,62.76,43.75,0.0,23.53
338,1988,9,0.0581,260.311,23.88,76.29,50.08,0.0,7.7
339,1988,10,0.0621,262.021,22.91,75.16,49.03,0.0,9.25
340,1988,11,0.0661,264.319,20.96,72.05,46.51,0.0,14.56
341,1988,12,0.0743,267.491,20.69,66.35,43.52,0.0,21.43
342,1988,13,0.087,271.327,23.15,57.06,40.1,0.0,31.23
343,1988,14,0.105,275.176,28.86,46.2,37.53,0.11,40.48
344,1988,15,0.1266,277.764,35.29,39.7,37.49,0.05,38.98
345,1988,16,0.15,280.45,26.39,60.68,43.53,0.0,20.27
346,1988,17,0.1707,282.734,26.69,61.32,44.0,0.05,17.61
347,1988,18,0.1895,284.604,25.46,61.08,43.27,0.0,18.49
348,1988,19,0.2099,286.527,24.57,58.88,41.73,0.05,23.53
349,1988,20,0.2333,288.327,24.96,52.92,38.94,0.05,32.61
350,1988,21,0.2458,288.696,24.5,53.8,39.15,0.11,32.17
351,1988,22,0.2517,288.619,23.37,55.69,39.53,0.17,31.51
352,1988,23,0.2572,288.705,24.33,56.1,40.21,0.22,30.4
353,1988,24,0.2663,289.237,27.33,54.39,40.86,0.33,28.57
354,1988,25,0.2738,289.642,30.23,53.86,42.04,0.39,24.81
355,1988,26,0.2884,290.496,35.44,50.06,42.75,0.5,23.7
356,1988,27,0.3033,291.352,41.47,45.69,43.58,0.17,20.93
357,1988,28,0.3205,292.081,49.44,41.77,45.61,0.05,15.84
358,1988,29,0.3297,292.395,54.78,41.78,48.28,0.0,11.52
359,1988,30,0.3286,292.166,50.86,46.84,48.85,0.05,10.63
360,1988,31,0.3237,291.628,50.46,52.59,51.52,0.0,7.64
361,1988,32,0.3223,291.899,51.43,50.31,50.87,0.05,8.58
362,1988,33,0.3203,292.262,52.45,45.6,49.02,0.11,11.9
363,1988,34,0.3021,291.302,46.31,48.29,47.3,0.17,14.18
364,1988,35,0.2754,289.86,39.44,49.11,44.27,0.44,19.32
365,1988,36,0.2517,288.366,36.89,45.8,41.34,0.39,27.13
366,1988,37,0.2304,286.818,35.27,42.77,39.02,0.83,35.1
367,1988,38,0.2128,285.245,34.27,43.44,38.85,0.5,35.33
368,1988,39,0.2062,284.186,38.0,40.64,39.32,0.39,33.17
369,1988,40,0.198,282.835,41.9,37.35,39.62,0.44,31.89
370,1988,41,0.1907,280.961,47.41,35.68,41.55,0.39,23.64
371,1988,42,0.1767,278.279,49.4,38.2,43.8,0.28,18.33
372,1988,43,0.1567,274.795,47.92,45.48,46.7,0.11,13.12
373,1988,44,0.1341,271.486,45.05,49.48,47.26,0.05,12.46
375,1988,46,0.1032,266.78,49.61,45.3,47.46,0.05,11.85
376,1988,47,0.0905,264.625,52.03,45.38,48.7,0.05,10.69
377,1988,48,0.0769,262.441,49.64,47.32,48.48,0.0,11.02
378,1988,49,0.0668,260.802,43.36,48.29,45.82,0.0,17.44
379,1988,50,0.0579,259.678,34.2,48.28,41.24,0.22,32.67
380,1988,51,0.0561,260.03,34.62,41.57,38.1,1.0,44.08
381,1988,52,0.0557,260.91,37.43,34.11,35.77,1.61,51.88
382,1989,1,0.0542,262.192,38.88,25.5,32.19,4.1,62.51
383,1989,2,0.0569,263.979,42.15,17.69,29.92,6.98,70.32
384,1989,3,0.0605,265.917,46.14,11.58,28.86,9.08,73.31
385,1989,4,0.0644,267.637,48.6,9.34,28.97,8.97,73.64
386,1989,5,0.0714,269.095,50.08,9.92,30.0,5.2,71.37
387,1989,6,0.0787,270.251,50.16,11.62,30.89,3.43,68.16
388,1989,7,0.0831,271.205,47.85,13.75,30.8,2.33,68.99
389,1989,8,0.0896,272.546,47.79,15.07,31.43,1.22,67.89
390,1989,9,0.0925,273.654,45.09,20.45,32.77,0.72,61.63
391,1989,10,0.0952,274.366,42.21,24.41,33.31,0.66,59.8
392,1989,11,0.1015,275.484,40.13,26.72,33.43,1.05,59.14
393,1989,12,0.1116,276.745,39.78,29.87,34.83,0.61,51.94
394,1989,13,0.1277,278.039,43.12,30.82,36.97,0.66,43.47
395,1989,14,0.1475,279.669,48.61,28.66,38.63,0.39,34.28
396,1989,15,0.1644,281.21,51.81,26.24,39.03,0.33,32.67
397,1989,16,0.1838,283.191,43.59,41.44,42.52,0.39,26.58
398,1989,17,0.2061,284.801,43.42,45.72,44.57,0.11,19.93
399,1989,18,0.24,286.88,47.71,43.97,45.84,0.11,16.89
400,1989,19,0.2758,288.674,52.42,42.94,47.68,0.05,13.23
401,1989,20,0.3013,289.486,49.84,44.94,47.38,0.05,13.07
402,1989,21,0.3191,290.63,51.42,40.42,45.92,0.22,17.5
403,1989,22,0.321,290.668,48.74,42.03,45.38,0.5,19.6
404,1989,23,0.3192,290.294,46.96,46.08,46.52,0.44,17.0
405,1989,24,0.3273,291.2,49.67,41.48,45.57,0.44,20.16
406,1989,25,0.336,292.091,53.0,36.79,44.9,0.39,20.65
407,1989,26,0.3548,293.476,60.16,28.0,44.08,0.22,21.54
408,1989,27,0.3602,294.2,63.04,23.57,43.31,0.5,22.59
409,1989,28,0.3437,293.775,58.56,27.7,43.13,0.44,25.08
410,1989,29,0.3188,292.665,50.57,39.2,44.88,0.83,22.92
411,1989,30,0.3011,291.778,38.09,49.95,44.02,0.94,25.53
412,1989,31,0.2967,291.894,37.35,50.01,43.68,1.0,27.8
413,1989,32,0.2957,292.247,38.01,47.09,42.55,1.44,28.9
414,1989,33,0.2878,291.438,35.87,52.92,44.39,0.72,24.92
415,1989,34,0.2806,290.53,35.78,55.42,45.6,0.44,21.15
416,1989,35,0.2723,289.343,38.03,54.62,46.32,0.28,17.0
417,1989,36,0.2688,288.84,44.1,43.66,43.88,0.44,21.26
418,1989,37,0.2608,288.239,48.26,32.75,40.5,1.0,29.68
419,1989,38,0.2466,286.582,49.13,33.68,41.41,0.66,27.3
420,1989,39,0.2398,285.523,53.74,29.62,41.68,0.55,26.02
421,1989,40,0.2261,284.255,56.03,25.45,40.74,0.61,28.74
422,1989,41,0.1968,281.769,51.12,28.86,39.99,1.11,31.89
423,1989,42,0.1712,279.375,46.95,29.62,38.29,1.38,39.48
424,1989,43,0.1541,277.354,46.91,26.97,36.94,2.38,44.52
425,1989,44,0.143,275.385,51.1,22.94,37.02,2.6,44.24
426,1989,45,0.1244,272.897,51.79,23.45,37.62,2.21,43.19
427,1989,46,0.0988,269.245,46.67,31.3,38.99,1.61,39.2
428,1989,47,0.0808,266.359,43.61,35.83,39.72,1.27,36.49
429,1989,48,0.0713,264.662,44.03,34.87,39.45,1.16,38.65
430,1989,49,0.0696,263.855,46.95,30.84,38.9,1.88,40.09
431,1989,50,0.0625,262.773,40.46,30.1,35.28,3.71,52.77
432,1989,51,0.0577,262.372,36.89,27.34,32.11,7.75,61.74
433,1989,52,0.0636,263.636,48.04,17.31,32.67,7.14,59.58
434,1990,1,0.0693,264.921,59.16,9.22,34.19,7.03,51.72
435,1990,2,0.0707,265.689,59.7,8.03,33.87,6.98,52.66
436,1990,3,0.0711,266.188,58.85,9.02,33.93,6.59,54.04
437,1990,4,0.0808,267.77,66.22,7.72,36.97,2.66,42.64
438,1990,5,0.096,269.909,72.7,6.22,39.46,0.66,34.0
439,1990,6,0.1084,271.935,74.22,5.17,39.69,0.55,33.56
440,1990,7,0.118,273.179,73.06,6.51,39.78,0.33,32.5
441,1990,8,0.1326,274.982,76.19,6.08,41.14,0.22,26.63
442,1990,9,0.1452,276.664,77.43,6.82,42.12,0.11,21.93
443,1990,10,0.16,278.63,79.8,5.66,42.73,0.05,19.1
444,1990,11,0.1766,280.085,80.59,6.93,43.76,0.05,14.62
445,1990,12,0.1979,282.701,83.54,5.35,44.44,0.0,12.57
446,1990,13,0.2139,284.642,84.88,4.14,44.51,0.05,13.07
447,1990,14,0.2248,285.572,83.98,4.86,44.42,0.05,13.4
448,1990,15,0.239,286.083,83.92,7.0,45.46,0.11,10.08
449,1990,16,0.2534,286.25,78.18,22.06,50.12,0.05,7.81
450,1990,17,0.2767,287.006,76.28,31.9,54.09,0.0,3.77
451,1990,18,0.2923,287.886,70.77,38.08,54.43,0.05,4.37
452,1990,19,0.3025,288.216,63.97,47.18,55.58,0.05,4.15
453,1990,20,0.3082,288.11,52.6,54.97,53.78,0.0,4.54
454,1990,21,0.3097,287.963,48.1,59.68,53.89,0.0,4.49
455,1990,22,0.3099,288.085,44.58,60.44,52.51,0.0,5.37
456,1990,23,0.3135,288.738,44.81,57.4,51.1,0.0,7.03
457,1990,24,0.3254,289.976,48.97,50.64,49.81,0.11,9.86
458,1990,25,0.3333,291.29,51.96,42.71,47.33,0.22,13.01
459,1990,26,0.3315,291.715,51.36,41.18,46.27,0.28,15.45
460,1990,27,0.3259,291.589,50.0,43.83,46.92,0.05,15.39
461,1990,28,0.3265,291.595,51.97,45.5,48.73,0.11,12.57
462,1990,29,0.3242,291.59,52.89,48.52,50.71,0.11,8.91
463,1990,30,0.3217,291.754,47.9,50.29,49.1,0.05,10.52
464,1990,31,0.322,292.348,49.86,45.95,47.9,0.33,12.96
465,1990,32,0.3171,292.5,49.26,44.44,46.85,0.5,16.44
466,1990,33,0.3081,291.89,46.74,48.38,47.56,0.39,15.73
467,1990,34,0.2909,290.566,41.36,54.48,47.92,0.33,14.62
468,1990,35,0.2661,288.544,35.58,61.1,48.34,0.22,12.62
469,1990,36,0.2394,285.908,31.58,67.98,49.78,0.11,7.64
470,1990,37,0.2185,283.69,29.91,69.67,49.79,0.05,6.76
471,1990,38,0.2083,282.534,31.96,66.63,49.3,0.11,8.08
472,1990,39,0.207,282.135,38.36,57.95,48.15,0.05,10.52
473,1990,40,0.2065,281.476,46.22,48.23,47.23,0.0,12.18
474,1990,41,0.205,280.599,55.08,38.48,46.78,0.17,13.34
475,1990,42,0.191,279.339,57.37,30.06,43.72,0.22,19.93
476,1990,43,0.1628,276.169,51.69,35.41,43.55,0.17,21.15
477,1990,44,0.1358,273.327,46.42,36.91,41.66,0.17,28.79
478,1990,45,0.1115,270.992,42.43,35.35,38.89,0.77,38.87
479,1990,46,0.095,268.038,43.36,38.26,40.81,0.33,34.72
480,1990,47,0.0854,265.556,47.95,40.37,44.16,0.33,25.47
481,1990,48,0.0735,263.17,46.51,43.17,44.84,0.55,26.85
482,1990,49,0.0637,260.816,40.19,48.08,44.13,1.77,29.4
483,1990,50,0.0596,259.425,37.01,49.64,43.33,2.44,32.61
484,1990,51,0.06,258.621,40.02,50.05,45.03,2.27,30.07
485,1990,52,0.0635,258.66,47.81,47.74,47.78,1.44,22.87
486,1991,1,0.068,258.84,57.74,45.1,51.42,0.55,15.45
487,1991,2,0.0724,259.271,62.08,42.32,52.2,0.11,10.13
488,1991,3,0.0747,259.635,63.16,41.32,52.24,0.0,7.7
489,1991,4,0.0698,258.807,54.81,47.79,51.29,0.0,7.64
490,1991,5,0.0626,258.557,42.23,52.35,47.29,0.0,13.12
491,1991,6,0.0581,259.173,33.52,53.18,43.35,0.0,23.42
492,1991,7,0.0537,259.98,26.3,54.67,40.49,0.0,33.39
493,1991,8,0.0515,261.91,22.23,53.28,37.76,0.11,43.91
494,1991,9,0.0498,263.794,18.65,63.55,41.1,0.0,29.73
495,1991,10,0.0499,265.873,15.68,60.87,38.27,0.11,42.03
496,1991,11,0.0564,269.191,15.63,53.17,34.4,1.05,57.14
497,1991,12,0.0666,272.512,16.69,46.75,31.72,2.44,68.11
498,1991,13,0.0752,274.998,17.27,42.67,29.97,3.27,72.87
499,1991,14,0.0832,276.565,18.69,40.95,29.82,3.6,73.75
500,1991,15,0.0986,278.298,23.06,37.73,30.39,2.88,72.87
501,1991,16,0.1151,279.899,8.98,63.18,36.08,2.77,47.9
502,1991,17,0.1352,281.193,10.14,70.22,40.18,0.83,31.95
503,1991,18,0.164,282.287,14.35,75.38,44.86,0.22,17.39
504,1991,19,0.2008,283.669,20.68,77.6,49.13,0.0,7.2
505,1991,20,0.2369,285.242,26.09,73.1,49.6,0.0,6.7
506,1991,21,0.2705,286.646,33.09,68.0,50.55,0.0,6.2
507,1991,22,0.3022,287.56,41.18,63.58,52.38,0.0,4.76
508,1991,23,0.3332,289.109,51.94,54.67,53.31,0.0,3.88
509,1991,24,0.3593,291.229,61.71,41.45,51.58,0.0,5.43
510,1991,25,0.3803,292.902,69.63,30.69,50.16,0.0,6.64
511,1991,26,0.3912,293.69,73.75,26.35,50.05,0.0,6.31
512,1991,27,0.3872,293.328,73.08,30.74,51.91,0.0,4.15
513,1991,28,0.3796,293.023,72.25,34.33,53.29,0.0,3.82
514,1991,29,0.3659,292.706,69.1,39.27,54.18,0.0,4.1
515,1991,30,0.358,292.602,64.67,43.13,53.9,0.05,4.87
516,1991,31,0.3484,292.443,62.42,45.44,53.93,0.0,5.43
517,1991,32,0.3412,292.271,60.9,46.9,53.9,0.0,5.48
518,1991,33,0.3394,292.158,62.14,46.53,54.33,0.0,5.65
519,1991,34,0.3399,292.135,65.09,41.0,53.04,0.0,6.64
520,1991,35,0.3321,291.565,65.69,34.57,50.13,0.05,10.24
521,1991,36,0.318,290.46,65.93,29.8,47.86,0.17,12.57
522,1991,37,0.3087,289.431,69.39,22.76,46.08,0.05,14.34
523,1991,38,0.3031,288.843,74.72,14.5,44.61,0.05,16.5
524,1991,39,0.2875,287.564,76.36,12.31,44.33,0.05,16.44
525,1991,40,0.261,285.29,73.26,17.13,45.19,0.0,14.95
526,1991,41,0.2317,282.47,69.01,23.59,46.3,0.0,14.06
527,1991,42,0.2021,278.893,63.52,33.82,48.67,0.05,11.3
528,1991,43,0.1697,275.301,55.75,41.96,48.85,0.0,12.02
529,1991,44,0.1343,271.97,45.33,45.96,45.64,0.17,21.43
530,1991,45,0.1083,269.147,40.03,46.57,43.3,0.33,29.51
531,1991,46,0.0942,267.461,42.8,41.22,42.01,0.72,33.61
532,1991,47,0.084,265.793,46.97,38.76,42.87,0.61,30.79
533,1991,48,0.0744,264.166,47.89,37.72,42.8,0.39,29.01
534,1991,49,0.0686,262.5,46.04,38.86,42.45,0.33,29.4
535,1991,50,0.0712,261.772,51.38,36.3,43.84,0.17,23.48
536,1991,51,0.0725,261.528,55.89,32.62,44.25,0.05,22.81
537,1991,52,0.0714,261.285,57.93,31.73,44.83,0.05,20.32
538,1992,1,0.073,261.424,64.46,29.47,46.96,0.0,16.11
539,1992,2,0.0741,262.015,64.6,27.06,45.83,0.05,15.95
540,1992,3,0.0766,262.635,65.59,25.89,45.74,0.05,14.62
541,1992,4,0.0771,263.088,62.52,28.01,45.27,0.05,14.62
542,1992,5,0.0756,263.245,54.39,32.79,43.59,0.05,17.83
543,1992,6,0.076,263.768,48.18,35.68,41.93,0.05,22.65
544,1992,7,0.0768,265.013,43.23,36.16,39.69,0.0,31.28
545,1992,8,0.0827,267.026,43.12,34.81,38.96,0.0,33.61
546,1992,9,0.0894,268.831,43.08,41.44,42.26,0.0,18.33
547,1992,10,0.094,270.493,41.4,40.75,41.07,0.05,23.48
548,1992,11,0.0979,272.182,38.1,40.23,39.16,0.05,32.39
549,1992,12,0.1008,273.078,34.17,44.28,39.23,0.05,31.84
550,1992,13,0.1082,273.908,33.44,46.86,40.15,0.0,28.46
551,1992,14,0.1223,275.616,36.89,44.47,40.68,0.0,26.69
552,1992,15,0.1357,277.181,39.34,41.92,40.63,0.0,25.69
553,1992,16,0.1584,279.477,30.41,67.8,49.1,0.0,7.53
554,1992,17,0.1855,281.863,33.29,68.23,50.76,0.0,4.93
555,1992,18,0.2135,284.101,35.63,65.54,50.58,0.0,5.54
556,1992,19,0.2416,286.111,37.44,62.98,50.21,0.0,6.87
557,1992,20,0.2632,287.488,35.54,59.62,47.58,0.05,9.36
558,1992,21,0.2879,289.057,39.42,52.29,45.85,0.11,13.79
559,1992,22,0.3036,289.908,41.58,47.87,44.72,0.05,16.06
560,1992,23,0.313,290.478,43.95,45.23,44.59,0.0,15.78
561,1992,24,0.327,291.613,49.01,38.48,43.74,0.28,18.16
562,1992,25,0.3438,292.54,55.41,33.25,44.33,0.11,15.39
563,1992,26,0.3552,293.218,59.82,29.79,44.8,0.0,14.06
564,1992,27,0.3601,293.861,62.51,26.16,44.33,0.22,16.72
565,1992,28,0.3592,294.173,64.18,24.48,44.33,0.11,18.22
566,1992,29,0.3547,294.273,64.47,25.41,44.94,0.28,19.16
567,1992,30,0.3458,294.45,58.38,26.75,42.56,0.77,27.35
568,1992,31,0.334,295.027,54.69,22.48,38.59,3.16,38.93
569,1992,32,0.3234,295.137,51.0,21.05,36.03,4.82,47.23
570,1992,33,0.3067,294.601,44.52,24.32,34.42,6.64,53.16
571,1992,34,0.2841,292.946,36.55,33.26,34.91,6.15,51.55
572,1992,35,0.2546,290.178,29.1,46.46,37.78,3.32,43.02
573,1992,36,0.2255,286.936,24.61,59.47,42.04,0.39,28.85
574,1992,37,0.2102,284.786,25.53,61.35,43.44,0.05,22.42
575,1992,38,0.1944,282.468,25.15,67.84,46.49,0.05,14.34
576,1992,39,0.1804,279.926,25.46,76.33,50.89,0.0,6.81
577,1992,40,0.1642,277.152,24.95,82.36,53.66,0.0,3.16
578,1992,41,0.1512,274.952,26.62,82.08,54.35,0.0,3.49
579,1992,42,0.1285,271.705,22.87,85.22,54.05,0.0,3.32
580,1992,43,0.1116,269.166,21.49,83.31,52.4,0.0,4.6
581,1992,44,0.1024,267.954,24.5,72.08,48.29,0.0,11.79
582,1992,45,0.0969,266.556,31.39,62.59,46.99,0.05,16.39
583,1992,46,0.0912,264.481,39.89,58.44,49.16,0.05,12.96
584,1992,47,0.0852,262.309,48.04,58.28,53.16,0.0,8.42
585,1992,48,0.08,260.737,54.38,56.91,55.65,0.0,7.03
586,1992,49,0.0751,259.634,54.59,55.21,54.9,0.0,8.58
587,1992,50,0.0723,259.077,53.65,52.35,53.0,0.0,10.3
588,1992,51,0.0728,259.131,57.04,47.78,52.41,0.05,10.85
589,1992,52,0.0726,259.272,60.18,44.63,52.4,0.05,9.86
590,1993,1,0.0713,259.262,62.46,42.75,52.6,0.0,8.58
591,1993,2,0.0717,259.822,61.73,39.21,50.47,0.0,9.02
592,1993,3,0.0721,260.903,60.28,34.76,47.52,0.0,11.68
593,1993,4,0.0728,261.992,58.02,33.19,45.6,0.0,14.78
594,1993,5,0.074,263.114,52.85,33.48,43.16,0.0,18.99
595,1993,6,0.0716,263.015,44.63,38.66,41.64,0.0,24.31
596,1993,7,0.0672,262.852,36.27,44.35,40.31,0.0,28.85
597,1993,8,0.0625,263.345,29.68,48.69,39.18,0.0,32.72
598,1993,9,0.0619,264.292,26.25,62.57,44.41,0.0,11.35
599,1993,10,0.063,265.417,23.45,63.83,43.64,0.0,15.12
600,1993,11,0.0652,266.857,20.55,63.74,42.14,0.0,21.04
601,1993,12,0.0747,268.895,20.97,62.02,41.49,0.05,23.92
602,1993,13,0.0839,270.71,21.71,60.33,41.02,0.05,26.63
603,1993,14,0.0999,272.871,26.62,56.16,41.39,0.05,25.42
604,1993,15,0.1255,276.591,34.85,45.08,39.96,0.0,27.91
605,1993,16,0.1623,281.364,32.6,54.95,43.78,0.0,18.94
606,1993,17,0.2003,285.44,40.31,42.99,41.65,0.0,23.86
607,1993,18,0.2286,287.87,42.2,38.22,40.21,0.17,28.46
608,1993,19,0.2578,289.172,44.23,40.12,42.17,0.11,19.93
609,1993,20,0.2839,289.822,43.06,42.97,43.01,0.05,18.72
610,1993,21,0.3044,290.046,45.47,44.85,45.16,0.05,13.57
611,1993,22,0.3187,289.765,47.34,48.46,47.9,0.0,8.8
612,1993,23,0.3235,289.316,48.09,52.84,50.46,0.0,5.87
613,1993,24,0.3233,288.824,47.57,58.08,52.83,0.0,3.38
614,1993,25,0.3223,288.476,47.39,62.22,54.81,0.0,2.6
615,1993,26,0.3143,287.781,44.71,67.96,56.33,0.0,2.33
616,1993,27,0.314,287.754,45.4,69.6,57.5,0.0,2.05
617,1993,28,0.3112,287.865,46.02,71.52,58.77,0.0,1.72
618,1993,29,0.3167,288.524,49.78,71.02,60.4,0.0,1.0
619,1993,30,0.3188,289.062,46.57,70.83,58.7,0.0,1.27
620,1993,31,0.32,289.116,48.91,72.35,60.63,0.0,1.16
621,1993,32,0.3155,288.763,48.31,75.75,62.03,0.0,0.77
622,1993,33,0.3021,287.855,43.76,80.85,62.31,0.0,0.83
623,1993,34,0.2816,286.7,37.27,83.29,60.28,0.0,1.16
624,1993,35,0.2616,285.355,34.02,82.67,58.34,0.0,1.27
625,1993,36,0.243,283.662,33.49,80.68,57.09,0.0,1.61
626,1993,37,0.2329,282.717,36.18,74.56,55.37,0.05,3.38
627,1993,38,0.2227,281.955,38.27,70.06,54.16,0.0,4.54
628,1993,39,0.2071,280.674,38.27,68.74,53.51,0.0,5.26
629,1993,40,0.1895,278.927,37.57,67.61,52.59,0.0,6.59
630,1993,41,0.167,276.461,35.0,69.68,52.34,0.0,5.93
631,1993,42,0.1518,274.031,35.72,68.82,52.27,0.0,5.54
632,1993,43,0.1353,270.839,35.37,71.98,53.67,0.0,3.21
633,1993,44,0.1233,267.425,38.04,75.15,56.6,0.0,1.66
634,1993,45,0.1103,264.692,41.06,73.29,57.17,0.0,1.27
635,1993,46,0.1011,261.812,48.16,72.46,60.31,0.0,1.22
636,1993,47,0.0955,258.686,57.92,75.63,66.78,0.0,0.5
637,1993,48,0.0904,255.942,65.24,78.23,71.73,0.0,0.28
638,1993,49,0.0881,252.078,69.12,85.19,77.16,0.0,0.0
639,1993,50,0.0914,249.237,75.04,88.49,81.76,0.0,0.17
640,1993,51,0.0938,246.891,79.64,90.93,85.29,0.0,0.05
641,1993,52,0.0945,245.565,83.12,92.12,87.62,0.0,0.05
642,1994,1,0.0946,245.929,86.33,90.5,88.41,0.0,0.11
643,1994,2,0.0948,246.852,85.51,87.45,86.48,0.0,0.11
644,1994,3,0.0985,248.773,86.06,83.16,84.61,0.0,0.05
645,1994,4,0.1021,250.945,84.93,77.31,81.12,0.0,0.0
646,1994,5,0.1036,252.698,78.68,73.21,75.95,0.0,0.0
647,1994,6,0.1032,255.231,70.33,67.2,68.76,0.0,0.05
648,1994,7,0.1036,257.01,63.23,65.58,64.4,0.0,0.05
649,1994,8,0.1031,259.015,57.15,64.38,60.77,0.0,0.11
650,1994,9,0.1052,262.511,53.22,69.84,61.53,0.0,0.0
651,1994,10,0.1072,265.456,49.44,63.23,56.33,0.0,0.61
652,1994,11,0.1125,268.442,46.26,56.96,51.61,0.0,1.94
653,1994,12,0.1213,271.418,44.81,51.75,48.28,0.0,4.93
654,1994,13,0.1307,273.919,44.62,47.41,46.01,0.0,8.14
655,1994,14,0.1393,275.913,44.79,43.83,44.31,0.0,11.63
656,1994,15,0.1562,277.874,48.22,39.68,43.95,0.0,10.85
657,1994,16,0.1833,280.304,42.8,60.99,51.9,0.0,2.44
658,1994,17,0.2124,282.213,45.82,64.04,54.93,0.0,0.89
659,1994,18,0.2412,283.452,47.74,67.88,57.81,0.0,0.44
660,1994,19,0.2685,284.585,48.79,71.29,60.04,0.0,0.05
661,1994,20,0.2957,285.362,47.67,71.59,59.62,0.0,0.33
662,1994,21,0.3157,286.193,49.89,69.92,59.91,0.0,0.66
663,1994,22,0.3402,287.576,55.66,62.93,59.29,0.0,0.72
664,1994,23,0.3653,288.898,64.33,55.9,60.11,0.0,0.61
665,1994,24,0.3905,290.493,73.28,46.82,60.05,0.0,0.39
666,1994,25,0.4073,292.3,79.1,35.03,57.06,0.0,0.83
667,1994,26,0.4113,293.869,80.61,24.52,52.56,0.0,2.38
668,1994,27,0.4057,294.844,79.63,18.31,48.97,0.0,5.81
669,1994,28,0.3933,295.809,77.23,12.1,44.66,0.11,13.34
670,1994,29,0.3762,296.611,72.91,8.93,40.92,0.33,24.69
671,1994,30,0.3554,296.68,62.91,11.08,36.99,1.38,43.08
672,1994,31,0.3356,296.098,55.61,15.05,35.33,3.1,49.83
673,1994,32,0.3201,295.136,49.76,21.5,35.63,3.77,49.78
674,1994,33,0.3086,293.879,46.23,30.56,38.4,2.88,39.04
675,1994,34,0.3031,293.003,46.85,32.58,39.71,2.33,35.88
676,1994,35,0.3077,292.622,54.37,24.48,39.42,2.82,35.66
677,1994,36,0.3197,292.647,66.22,12.61,39.41,3.16,33.0
700,1995,7,0.1002,269.454,59.93,20.33,40.12,0.44,30.73
701,1995,8,0.1049,271.072,57.71,20.45,39.08,0.44,32.06
702,1995,9,0.1077,272.099,54.49,27.42,40.95,0.5,23.15
703,1995,10,0.1093,272.775,50.63,31.55,41.09,0.17,21.82
704,1995,11,0.1144,273.24,47.39,36.48,41.93,0.0,19.21
705,1995,12,0.1178,273.683,43.15,42.56,42.86,0.0,15.61
706,1995,13,0.1287,275.114,43.73,42.62,43.18,0.0,13.84
707,1995,14,0.148,277.527,48.85,37.2,43.03,0.0,14.12
708,1995,15,0.1669,279.689,52.87,32.29,42.58,0.0,14.9
709,1995,16,0.1931,282.43,48.11,47.49,47.8,0.0,8.69
710,1995,17,0.2163,284.201,47.86,51.21,49.53,0.05,5.87
711,1995,18,0.2413,285.871,47.87,52.21,50.04,0.0,4.87
712,1995,19,0.272,287.498,50.32,52.2,51.26,0.0,3.38
713,1995,20,0.3086,289.342,52.09,46.69,49.39,0.11,4.65
714,1995,21,0.3366,291.144,57.29,37.41,47.35,0.11,8.25
715,1995,22,0.3574,292.602,61.73,28.91,45.32,0.05,10.85
716,1995,23,0.3688,293.136,65.3,26.32,45.81,0.05,10.08
717,1995,24,0.3832,293.509,70.42,24.4,47.41,0.0,6.7
718,1995,25,0.3921,293.79,73.47,23.72,48.59,0.0,4.87
719,1995,26,0.4022,294.529,77.27,19.49,48.38,0.0,5.2
720,1995,27,0.4061,295.245,79.58,15.19,47.39,0.05,7.97
721,1995,28,0.4043,295.356,81.17,14.6,47.88,0.05,8.75
722,1995,29,0.3976,295.543,81.06,14.46,47.76,0.11,10.08
723,1995,30,0.3884,296.08,77.64,12.76,45.2,0.66,18.0
724,1995,31,0.3709,295.574,71.95,17.47,44.71,1.22,22.59
725,1995,32,0.3543,295.054,65.84,21.68,43.76,1.38,27.13
726,1995,33,0.3382,294.604,59.9,24.28,42.09,2.05,31.06
727,1995,34,0.32,293.711,53.96,26.52,40.24,2.38,35.1
728,1995,35,0.2989,292.208,49.37,28.59,38.98,2.16,38.1
729,1995,36,0.2885,290.529,52.08,29.26,40.67,1.05,33.28
730,1995,37,0.2792,289.054,55.69,26.05,40.86,0.89,30.68
731,1995,38,0.2785,288.017,63.1,21.56,42.33,0.33,24.47
732,1995,39,0.2779,287.149,71.29,15.82,43.56,0.28,18.88
733,1995,40,0.2739,286.211,78.98,9.45,44.22,0.11,14.29
734,1995,41,0.2586,284.219,82.32,9.15,45.74,0.05,9.36
735,1995,42,0.2345,281.762,80.62,11.34,45.98,0.17,10.13
736,1995,43,0.2017,278.831,73.78,15.73,44.75,0.33,14.84
737,1995,44,0.1611,274.802,61.76,25.69,43.72,0.39,21.54
738,1995,45,0.1318,271.827,55.5,29.18,42.34,0.39,28.41
739,1995,46,0.1101,269.614,53.62,28.67,41.15,0.55,32.72
740,1995,47,0.0945,267.904,53.85,27.09,40.47,0.66,36.16
741,1995,48,0.0803,266.412,50.4,25.25,37.83,1.72,44.85
742,1995,49,0.0713,264.737,45.53,25.99,35.76,3.88,52.1
743,1995,50,0.0592,262.727,33.15,30.41,31.78,7.81,62.62
744,1995,51,0.048,260.733,21.44,37.24,29.34,10.08,69.49
745,1995,52,0.0418,259.202,16.24,44.3,30.27,7.7,67.39
746,1996,1,0.0384,258.14,14.61,48.67,31.64,4.6,64.73
747,1996,2,0.0358,257.904,13.14,48.76,30.95,3.54,69.1
748,1996,3,0.0325,258.169,11.53,47.6,29.56,3.65,75.58
749,1996,4,0.029,257.799,9.59,51.56,30.57,2.1,71.98
750,1996,5,0.0263,257.939,7.68,54.38,31.03,1.33,70.1
751,1996,6,0.0255,258.219,6.14,56.62,31.38,0.66,68.22
752,1996,7,0.025,258.781,4.83,58.97,31.9,0.72,66.11
753,1996,8,0.0249,259.89,4.3,60.67,32.48,0.61,63.12
754,1996,9,0.0263,261.698,4.14,73.05,38.59,0.33,35.55
755,1996,10,0.0309,264.002,4.54,69.06,36.8,0.55,42.53
756,1996,11,0.0371,266.286,5.14,65.4,35.27,0.66,49.5
757,1996,12,0.0495,269.055,7.9,60.61,34.26,1.0,54.98
758,1996,13,0.0703,272.566,14.95,51.94,33.44,1.05,58.53
759,1996,14,0.0965,275.894,25.1,42.94,34.02,0.33,55.43
760,1996,15,0.1296,279.854,37.15,30.92,34.04,0.0,55.81
761,1996,16,0.169,284.055,35.04,36.89,35.96,0.66,46.24
762,1996,17,0.2033,286.922,41.08,32.49,36.78,1.27,42.3
763,1996,18,0.2374,289.194,45.67,28.73,37.2,1.16,41.36
764,1996,19,0.2736,290.516,50.49,30.39,40.44,0.89,30.45
765,1996,20,0.3119,291.992,52.97,28.07,40.52,0.94,29.12
766,1996,21,0.3459,293.509,60.36,20.43,40.4,1.11,30.18
767,1996,22,0.3578,293.787,61.36,20.57,40.97,1.0,28.13
768,1996,23,0.3524,293.167,58.41,26.18,42.29,1.11,25.53
769,1996,24,0.3393,292.273,53.01,33.42,43.21,1.33,24.81
770,1996,25,0.3184,290.904,45.15,45.31,45.23,0.61,19.1
771,1996,26,0.3062,290.092,40.86,53.37,47.11,0.33,14.23
772,1996,27,0.2953,289.342,37.68,61.16,49.42,0.05,10.74
773,1996,28,0.2932,289.214,38.42,64.75,51.59,0.05,8.08
774,1996,29,0.2958,289.53,40.97,65.76,53.36,0.0,6.15
775,1996,30,0.2864,288.973,30.72,73.36,52.04,0.0,6.03
776,1996,31,0.284,288.657,30.6,77.36,53.98,0.0,3.65
777,1996,32,0.2861,288.674,32.56,77.99,55.27,0.05,2.55
778,1996,33,0.2894,288.784,35.99,75.86,55.92,0.05,2.66
779,1996,34,0.2897,288.614,39.53,71.7,55.61,0.11,3.49
780,1996,35,0.2774,287.388,39.69,71.24,55.46,0.0,3.43
781,1996,36,0.2569,285.34,38.38,72.74,55.56,0.0,2.88
782,1996,37,0.2403,283.641,38.79,70.17,54.48,0.0,2.88
783,1996,38,0.2307,282.842,41.69,64.12,52.9,0.0,4.82
784,1996,39,0.2269,282.524,47.44,54.56,51.0,0.0,7.14
785,1996,40,0.2176,282.194,51.43,42.16,46.79,0.05,13.95
786,1996,41,0.2016,281.095,53.06,33.87,43.47,0.17,22.42
787,1996,42,0.1766,279.491,49.4,28.45,38.92,0.66,34.61
788,1996,43,0.1495,277.145,43.87,28.22,36.04,0.94,45.18
789,1996,44,0.1269,274.431,40.55,29.28,34.92,1.83,52.22
790,1996,45,0.1087,271.925,40.1,29.55,34.82,2.55,52.1
791,1996,46,0.0915,268.781,39.94,34.09,37.02,2.21,45.24
792,1996,47,0.0753,265.503,37.68,40.83,39.25,2.33,38.04
793,1996,48,0.0614,262.615,32.72,46.57,39.64,2.44,38.21
794,1996,49,0.0533,260.782,26.79,48.73,37.76,4.15,44.19
795,1996,50,0.0528,260.089,26.93,46.57,36.75,4.87,47.29
796,1996,51,0.0573,260.711,34.46,38.16,36.31,4.6,48.06
797,1996,52,0.0617,261.435,42.64,31.22,36.93,3.1,44.85
798,1997,1,0.0669,262.435,53.04,23.71,38.37,2.1,41.42
799,1997,2,0.0706,263.478,57.35,19.35,38.35,1.55,41.14
800,1997,3,0.0749,265.047,61.35,14.06,37.7,0.77,42.69
801,1997,4,0.0816,266.744,65.58,11.66,38.62,0.05,38.37
802,1997,5,0.0934,268.404,69.55,11.6,40.58,0.05,29.46
803,1997,6,0.1099,270.273,74.7,10.84,42.77,0.0,21.7
804,1997,7,0.1236,272.191,76.36,9.52,42.94,0.0,19.43
805,1997,8,0.1365,274.01,78.06,9.04,43.55,0.0,15.17
806,1997,9,0.1463,275.351,77.52,12.03,44.78,0.0,9.58
807,1997,10,0.1594,276.984,78.9,12.36,45.63,0.0,7.2
808,1997,11,0.1691,278.329,76.12,14.05,45.09,0.0,8.19
809,1997,12,0.1701,279.103,69.16,19.81,44.48,0.0,10.52
810,1997,13,0.1752,279.854,65.96,23.31,44.63,0.0,10.85
811,1997,14,0.1772,280.26,62.14,26.33,44.23,0.0,11.79
812,1997,15,0.1814,281.319,59.24,26.05,42.64,0.0,15.39
813,1997,16,0.1957,283.038,48.46,43.79,46.12,0.22,15.34
814,1997,17,0.2136,284.846,45.93,47.08,46.5,0.17,15.56
815,1997,18,0.2339,286.332,44.16,49.29,46.72,0.33,15.28
816,1997,19,0.2593,287.522,44.5,52.43,48.47,0.17,12.13
817,1997,20,0.2824,288.322,42.31,53.58,47.94,0.05,13.4
818,1997,21,0.3052,288.509,45.52,55.9,50.71,0.0,8.08
819,1997,22,0.3246,288.418,49.26,58.11,53.68,0.0,3.49
820,1997,23,0.3451,289.414,56.28,52.56,54.42,0.0,2.66
821,1997,24,0.3664,290.849,64.15,44.2,54.18,0.0,2.77
822,1997,25,0.3771,291.519,68.06,41.14,54.6,0.0,1.66
823,1997,26,0.3866,292.132,71.76,38.22,54.99,0.0,1.55
824,1997,27,0.3818,291.79,70.9,42.57,56.74,0.0,1.11
825,1997,28,0.3685,291.157,67.95,49.68,58.81,0.0,0.83
826,1997,29,0.3677,291.332,69.73,51.28,60.51,0.0,0.61
827,1997,30,0.3719,291.683,70.59,51.36,60.97,0.05,1.0
828,1997,31,0.3742,291.872,74.18,50.72,62.45,0.0,0.61
829,1997,32,0.3781,291.937,78.21,50.22,64.21,0.0,0.33
830,1997,33,0.378,291.639,80.35,51.6,65.97,0.0,0.05
831,1997,34,0.3782,291.091,82.72,50.87,66.8,0.0,0.05
832,1997,35,0.3761,290.198,84.87,47.32,66.1,0.0,0.05
833,1997,36,0.3655,288.962,85.73,43.0,64.36,0.0,0.05
834,1997,37,0.3471,287.255,85.15,41.46,63.3,0.0,0.11
835,1997,38,0.3248,285.482,83.54,43.42,63.48,0.0,0.33
836,1997,39,0.2959,283.577,79.52,46.7,63.1,0.0,0.39
837,1997,40,0.2595,281.071,72.05,52.12,62.08,0.0,0.5
838,1997,41,0.2212,278.469,63.33,55.92,59.63,0.0,0.77
839,1997,42,0.192,276.145,57.86,54.31,56.08,0.0,2.44
840,1997,43,0.1672,273.618,54.12,53.88,54.0,0.0,4.82
841,1997,44,0.1384,270.858,47.79,53.9,50.84,0.0,8.47
842,1997,45,0.1105,267.642,41.37,56.58,48.97,0.0,11.85
843,1997,46,0.0864,264.628,35.55,58.01,46.78,0.0,15.89
844,1997,47,0.0672,262.494,29.81,57.58,43.69,0.22,23.86
845,1997,48,0.0596,260.881,31.07,56.52,43.79,0.17,24.09
846,1997,49,0.0558,259.496,30.36,56.48,43.42,0.55,24.92
847,1997,50,0.0531,258.563,28.32,55.77,42.04,0.94,28.57
848,1997,51,0.0577,258.828,36.79,49.76,43.28,1.27,26.08
849,1997,52,0.0647,259.88,49.19,40.7,44.94,0.77,22.48
850,1998,1,0.0726,261.335,63.43,30.37,46.9,0.28,18.6
851,1998,2,0.0826,263.299,74.37,20.71,47.54,0.11,15.39
852,1998,3,0.0902,264.837,80.21,15.57,47.89,0.11,10.91
853,1998,4,0.0975,266.129,82.71,14.82,48.76,0.0,6.64
854,1998,5,0.1036,267.167,78.87,17.11,47.99,0.0,6.64
855,1998,6,0.1085,268.006,73.78,19.97,46.87,0.0,8.19
856,1998,7,0.109,268.177,66.14,24.97,45.55,0.0,10.13
857,1998,8,0.1072,268.483,59.03,30.07,44.55,0.0,11.3
858,1998,9,0.1071,268.752,53.79,42.53,48.16,0.0,4.49
859,1998,10,0.1115,269.264,51.42,46.95,49.18,0.0,3.54
860,1998,11,0.1128,269.908,46.01,50.81,48.41,0.0,4.98
861,1998,12,0.1145,271.062,41.08,53.27,47.17,0.0,8.64
862,1998,13,0.1241,273.001,41.16,51.14,46.15,0.0,9.47
863,1998,14,0.1403,275.448,45.08,45.5,45.29,0.0,9.69
864,1998,15,0.1669,278.459,52.82,36.97,44.89,0.0,9.74
865,1998,16,0.1963,281.042,49.56,56.76,53.16,0.0,2.77
866,1998,17,0.2272,283.253,52.88,57.83,55.35,0.0,1.44
867,1998,18,0.2533,284.773,53.08,60.23,56.66,0.0,1.33
868,1998,19,0.2793,286.636,53.3,58.7,56.0,0.0,1.83
869,1998,20,0.2977,287.817,47.92,56.95,52.43,0.0,3.93
870,1998,21,0.3101,288.107,47.33,58.88,53.1,0.0,4.15
871,1998,22,0.3103,288.358,44.05,58.63,51.34,0.0,8.19
872,1998,23,0.3039,289.108,40.98,54.75,47.86,0.11,17.28
873,1998,24,0.2863,289.199,35.37,56.15,45.76,0.5,26.41
874,1998,25,0.2742,288.655,32.86,62.08,47.47,0.55,24.97
875,1998,26,0.2656,287.974,31.47,68.97,50.22,0.61,19.77
876,1998,27,0.2591,287.988,30.91,70.92,50.92,0.5,21.04
877,1998,28,0.2582,289.131,32.37,65.11,48.74,1.27,28.74
878,1998,29,0.2582,290.632,33.83,56.58,45.2,3.88,37.38
879,1998,30,0.3621,291.44,66.37,53.0,59.69,0.05,1.66
880,1998,31,0.3632,291.183,69.42,56.42,62.92,0.0,0.94
881,1998,32,0.3607,290.745,70.36,60.59,65.48,0.0,0.66
882,1998,33,0.3536,289.699,68.89,68.52,68.71,0.0,0.28
883,1998,34,0.3433,288.454,66.32,73.95,70.13,0.0,0.11
884,1998,35,0.3391,288.217,68.39,64.89,66.64,0.0,0.28
885,1998,36,0.3257,287.41,68.65,56.2,62.42,0.0,0.11
886,1998,37,0.3011,285.735,65.29,53.96,59.62,0.0,0.66
887,1998,38,0.2728,283.656,60.38,58.19,59.28,0.0,1.11
888,1998,39,0.2429,281.293,54.82,64.7,59.76,0.05,1.05
889,1998,40,0.2137,279.065,49.4,66.61,58.0,0.05,1.72
890,1998,41,0.1898,276.975,46.83,65.94,56.38,0.0,3.71
891,1998,42,0.1702,274.487,45.81,64.99,55.4,0.05,4.1
892,1998,43,0.1502,271.685,44.19,66.03,55.11,0.05,4.32
893,1998,44,0.1205,267.99,36.38,71.75,54.07,0.0,3.88
894,1998,45,0.0977,264.915,31.84,72.72,52.28,0.0,4.6
895,1998,46,0.0825,262.104,31.76,71.97,51.86,0.0,4.87
896,1998,47,0.076,260.619,37.5,67.81,52.65,0.0,5.09
897,1998,48,0.0751,260.219,46.83,60.1,53.46,0.0,4.82
898,1998,49,0.0731,259.934,49.71,53.71,51.71,0.0,7.42
899,1998,50,0.07,259.258,48.12,51.32,49.72,0.0,10.58
900,1998,51,0.068,259.177,48.56,47.2,47.88,0.05,15.89
901,1998,52,0.0685,259.765,52.5,41.21,46.85,0.22,18.33
902,1999,1,0.0704,260.543,59.1,34.76,46.93,0.11,19.66
903,1999,2,0.0724,261.101,61.03,31.95,46.49,0.0,18.33
904,1999,3,0.0752,261.531,62.78,31.19,46.99,0.0,15.61
905,1999,4,0.0782,261.558,62.87,34.51,48.69,0.05,9.52
906,1999,5,0.0787,261.395,56.6,39.87,48.24,0.05,9.19
907,1999,6,0.0793,261.154,50.4,45.02,47.71,0.0,10.52
908,1999,7,0.0819,261.647,46.7,47.97,47.33,0.0,10.8
909,1999,8,0.0892,263.281,47.23,47.88,47.56,0.0,9.14
910,1999,9,0.1006,266.035,49.82,53.28,51.55,0.0,3.38
911,1999,10,0.117,269.357,54.6,45.51,50.06,0.0,3.05
912,1999,11,0.1453,273.269,63.43,35.56,49.49,0.0,2.33
913,1999,12,0.1734,277.037,70.95,28.04,49.49,0.0,2.33
914,1999,13,0.1957,280.037,76.07,22.15,49.11,0.0,2.82
915,1999,14,0.2184,282.08,81.29,18.58,49.93,0.0,1.99
916,1999,15,0.2399,283.796,84.78,15.94,50.36,0.0,1.55
917,1999,16,0.2683,285.69,84.82,25.66,55.24,0.0,1.27
918,1999,17,0.3024,287.283,87.27,29.75,58.51,0.0,0.33
919,1999,18,0.3417,288.722,91.17,31.97,61.57,0.0,0.28
920,1999,19,0.3788,290.327,94.75,31.75,63.25,0.0,0.05
921,1999,20,0.4089,292.065,88.59,27.52,58.05,0.0,0.72
922,1999,21,0.4289,293.573,91.32,19.78,55.55,0.0,1.27
923,1999,22,0.4394,294.523,92.46,15.03,53.74,0.0,1.55
924,1999,23,0.437,294.732,91.5,14.81,53.15,0.0,1.61
925,1999,24,0.4389,295.081,91.77,12.63,52.2,0.0,1.88
926,1999,25,0.4426,295.629,92.67,9.67,51.17,0.0,1.72
927,1999,26,0.4414,295.706,92.08,10.47,51.27,0.0,1.77
928,1999,27,0.4339,295.236,90.29,15.28,52.79,0.0,1.55
929,1999,28,0.4194,294.699,87.31,20.09,53.7,0.0,1.77
930,1999,29,0.4022,294.075,83.18,27.15,55.16,0.0,1.99
931,1999,30,0.3822,293.177,75.16,37.94,56.55,0.0,1.94
932,1999,31,0.3621,291.976,68.28,49.43,58.85,0.0,1.83
933,1999,32,0.35,290.953,64.68,58.69,61.69,0.0,0.89
934,1999,33,0.3513,290.802,67.64,58.79,63.22,0.0,0.77
935,1999,34,0.3558,290.752,72.35,53.69,63.02,0.0,0.5
936,1999,35,0.3529,290.135,74.74,47.77,61.25,0.0,0.77
937,1999,36,0.3415,289.379,75.7,39.17,57.44,0.0,1.05
938,1999,37,0.3257,288.689,76.22,29.0,52.61,0.0,2.66
939,1999,38,0.3048,287.658,74.95,24.49,49.72,0.0,4.26
940,1999,39,0.276,285.428,70.53,30.49,50.51,0.0,3.82
941,1999,40,0.2445,282.368,64.75,41.17,52.96,0.0,4.04
942,1999,41,0.2181,279.322,61.57,48.99,55.28,0.0,3.05
943,1999,42,0.1973,277.057,60.58,47.47,54.03,0.0,4.65
944,1999,43,0.1757,274.247,59.02,49.4,54.21,0.05,4.54
945,1999,44,0.1512,271.325,56.0,50.55,53.27,0.11,7.2
946,1999,45,0.1271,268.373,53.39,51.83,52.61,0.33,8.8
947,1999,46,0.105,265.254,51.64,54.23,52.94,0.28,9.58
948,1999,47,0.0871,262.642,49.71,56.6,53.15,0.39,9.52
949,1999,48,0.0745,260.136,47.81,60.44,54.13,0.44,8.53
950,1999,49,0.0709,258.907,49.17,59.5,54.33,0.28,9.02
951,1999,50,0.0683,258.802,48.37,54.04,51.2,0.5,12.9
952,1999,51,0.0648,258.706,46.5,50.16,48.33,0.77,18.0
953,1999,52,0.0628,258.6,47.06,48.65,47.86,0.28,17.33
954,2000,1,0.062,258.551,49.74,46.9,48.32,0.05,15.01
955,2000,2,0.0637,259.093,51.26,43.01,47.13,0.0,14.84
956,2000,3,0.0661,259.863,53.07,39.81,46.44,0.05,14.4
957,2000,4,0.0694,260.543,54.26,39.75,47.0,0.0,11.46
958,2000,5,0.0747,261.877,53.28,38.78,46.03,0.0,11.85
959,2000,6,0.0801,263.76,51.25,36.07,43.66,0.0,17.39
960,2000,7,0.0844,265.564,48.61,34.59,41.6,0.0,22.92
961,2000,8,0.0901,267.423,47.83,33.8,40.81,0.0,24.58
962,2000,9,0.1011,269.168,50.19,40.52,45.35,0.0,8.03
963,2000,10,0.1114,270.681,51.41,40.66,46.03,0.0,7.2
964,2000,11,0.1225,272.425,51.21,39.85,45.53,0.0,8.14
965,2000,12,0.1337,274.283,50.76,39.87,45.32,0.0,8.86
966,2000,13,0.1496,276.862,53.57,35.28,44.42,0.0,10.13
967,2000,14,0.1723,279.797,59.91,27.81,43.86,0.0,11.35
968,2000,15,0.2052,283.095,69.52,18.6,44.06,0.0,10.08
969,2000,16,0.2485,285.844,74.83,24.57,49.7,0.0,4.98
970,2000,17,0.2932,287.978,81.8,24.85,53.33,0.0,2.49
971,2000,18,0.3303,289.781,84.18,24.44,54.31,0.0,2.49
972,2000,19,0.3511,290.901,81.73,27.61,54.67,0.0,2.99
973,2000,20,0.361,291.668,70.83,30.47,50.65,0.0,7.97
974,2000,21,0.37,292.821,69.47,25.51,47.49,0.05,12.9
975,2000,22,0.3731,293.748,67.58,21.05,44.31,0.33,19.6
976,2000,23,0.37,293.987,65.71,20.62,43.17,0.61,22.37
977,2000,24,0.3691,293.826,64.91,22.31,43.61,0.5,20.49
978,2000,25,0.3622,293.053,62.02,29.23,45.62,0.33,16.0
979,2000,26,0.3494,292.142,57.32,37.62,47.47,0.05,11.9
980,2000,27,0.3303,290.986,51.18,47.62,49.4,0.0,9.8
981,2000,28,0.3148,290.233,47.27,54.93,51.1,0.0,7.81
982,2000,29,0.3122,289.773,48.1,61.36,54.73,0.0,4.49
983,2000,30,0.3122,289.891,43.51,63.93,53.72,0.05,3.99
984,2000,31,0.314,290.058,45.66,64.49,55.07,0.0,3.43
985,2000,32,0.3167,290.018,48.26,66.12,57.19,0.0,2.44
986,2000,33,0.3198,290.058,51.55,64.86,58.2,0.0,1.55
987,2000,34,0.3156,289.495,52.31,64.4,58.35,0.0,1.99
988,2000,35,0.3025,288.11,51.29,65.42,58.35,0.0,2.27
989,2000,36,0.2831,286.567,49.82,63.0,56.41,0.0,3.21
990,2000,37,0.2636,285.319,48.87,57.65,53.26,0.0,5.32
991,2000,38,0.2429,284.045,46.92,55.7,51.31,0.0,6.09
992,2000,39,0.2225,283.003,45.06,51.8,48.43,0.0,9.97
993,2000,40,0.1985,282.123,41.7,43.6,42.65,0.11,21.32
994,2000,41,0.1722,280.681,37.43,38.22,37.82,0.94,38.59
995,2000,42,0.1402,278.955,29.24,33.31,31.27,4.21,65.39
996,2000,43,0.1098,277.195,20.87,28.35,24.61,16.06,87.1
997,2000,44,0.08,274.517,11.94,29.22,20.58,32.28,89.98
998,2000,45,0.0576,271.587,7.07,32.29,19.68,36.54,89.98
999,2000,46,0.0428,268.828,4.97,34.37,19.67,37.38,89.2
1000,2000,47,0.0303,266.595,3.61,35.2,19.4,37.98,89.92
1001,2000,48,0.0244,264.691,3.69,35.51,19.6,36.43,89.37
1002,2000,49,0.0251,262.875,4.57,37.21,20.89,33.5,86.88
1003,2000,50,0.0293,261.351,7.33,39.05,23.19,29.68,81.62
1004,2000,51,0.0349,260.137,12.73,41.31,27.02,22.04,72.09
1005,2000,52,0.0437,260.055,23.33,39.55,31.43,12.96,62.35
1006,2001,1,0.0503,260.472,33.8,35.4,34.6,6.09,51.77
1007,2001,2,0.0554,260.636,39.89,34.65,37.27,1.99,41.08
1008,2001,3,0.0616,261.738,46.76,30.43,38.59,0.17,35.1
1009,2001,4,0.0668,262.934,50.43,28.69,39.56,0.11,31.84
1010,2001,5,0.0711,263.622,49.15,30.99,40.07,0.0,30.79
1011,2001,6,0.0794,264.836,49.91,31.17,40.54,0.0,28.74
1012,2001,7,0.088,266.294,50.45,30.79,40.62,0.0,27.35
1013,2001,8,0.0983,268.517,52.66,28.68,40.67,0.0,23.98
1014,2001,9,0.1106,270.427,55.52,33.65,44.58,0.0,11.46
1015,2001,10,0.131,272.724,62.43,30.82,46.62,0.0,6.2
1016,2001,11,0.1585,275.475,70.29,26.16,48.22,0.0,3.65
1017,2001,12,0.1813,277.927,74.6,24.41,49.51,0.0,2.33
1018,2001,13,0.1996,280.451,77.42,20.66,49.04,0.0,2.71
1019,2001,14,0.2173,282.592,80.06,17.01,48.53,0.0,2.88
1020,2001,15,0.2319,284.321,80.37,14.48,47.43,0.0,2.71
1021,2001,16,0.249,286.138,75.0,23.08,49.04,0.0,4.1
1022,2001,17,0.2772,287.721,75.29,26.88,51.09,0.0,2.55
1023,2001,18,0.3119,289.144,77.78,29.09,53.44,0.0,1.55
1024,2001,19,0.3362,289.911,76.66,34.98,55.82,0.0,1.16
1025,2001,20,0.3483,290.31,66.67,40.08,53.38,0.0,2.05
1026,2001,21,0.3471,289.673,61.22,47.97,54.6,0.0,2.1
1027,2001,22,0.3407,288.667,55.41,56.44,55.92,0.0,1.99
1028,2001,23,0.3319,288.084,51.06,61.65,56.35,0.0,2.05
1029,2001,24,0.3339,288.294,51.41,62.54,56.97,0.0,1.88
1030,2001,25,0.3475,289.355,56.64,57.43,57.03,0.0,2.05
1031,2001,26,0.3623,290.857,62.45,48.33,55.39,0.0,3.21
1032,2001,27,0.3769,292.488,68.9,37.22,53.06,0.0,4.15
1033,2001,28,0.3851,293.392,74.11,31.16,52.63,0.0,4.65
1034,2001,29,0.3841,293.653,76.01,31.17,53.59,0.05,3.88
1035,2001,30,0.3837,293.928,75.99,31.73,53.86,0.22,3.38
1036,2001,31,0.3786,293.934,76.18,32.27,54.22,0.05,3.71
1037,2001,32,0.3645,293.309,71.47,37.66,54.56,0.05,4.04
1038,2001,33,0.3543,292.737,68.48,41.45,54.96,0.0,4.04
1039,2001,34,0.3375,291.627,62.78,45.81,54.29,0.0,4.65
1040,2001,35,0.3148,289.709,56.49,51.54,54.02,0.05,4.54
1041,2001,36,0.2906,287.325,52.65,56.32,54.48,0.0,3.32
1042,2001,37,0.2723,285.518,52.31,54.74,53.53,0.0,4.04
1043,2001,38,0.2606,284.44,54.7,50.89,52.79,0.0,4.04
1044,2001,39,0.2578,283.733,61.6,44.51,53.05,0.0,3.71
1045,2001,40,0.2551,282.918,69.47,36.65,53.06,0.0,3.54
1046,2001,41,0.2515,281.616,78.39,30.42,54.41,0.0,3.16
1047,2001,42,0.2386,279.984,82.62,25.15,53.88,0.05,2.93
1048,2001,43,0.2217,277.782,85.0,23.7,54.35,0.0,2.66
1049,2001,44,0.2018,274.879,87.21,25.79,56.5,0.0,1.5
1050,2001,45,0.1773,272.031,87.55,28.42,57.98,0.0,1.22
1051,2001,46,0.1501,269.645,86.14,28.84,57.49,0.05,1.44
1052,2001,47,0.1229,266.925,80.52,32.67,56.59,0.0,1.83
1053,2001,48,0.0968,263.911,68.96,39.31,54.13,0.0,4.49
1054,2001,49,0.0824,261.462,59.57,44.99,52.28,0.0,6.53
1055,2001,50,0.0712,260.358,48.54,44.88,46.71,0.0,15.34
1056,2001,51,0.0638,259.915,42.0,42.72,42.36,0.5,27.08
1057,2001,52,0.0621,259.618,43.32,42.12,42.72,0.39,24.69
1058,2002,1,0.06,259.677,44.66,39.87,42.26,0.55,27.08
1059,2002,2,0.0577,260.32,42.22,36.09,39.15,0.61,36.32
1060,2002,3,0.0659,262.485,52.0,26.58,39.29,0.39,33.67
1061,2002,4,0.0827,265.257,67.74,18.47,43.1,0.11,21.65
1062,2002,5,0.1018,267.604,76.95,15.23,46.09,0.05,11.74
1063,2002,6,0.1211,269.955,82.98,12.57,47.78,0.0,6.59
1064,2002,7,0.1417,272.395,88.49,9.43,48.96,0.0,2.99
1065,2002,8,0.1566,274.236,90.49,8.79,49.64,0.0,1.99
1066,2002,9,0.1738,276.127,93.58,9.05,51.31,0.0,0.66
1067,2002,10,0.1873,277.878,94.52,8.82,51.67,0.0,0.28
1068,2002,11,0.2073,280.336,96.15,5.57,50.86,0.0,0.28
1069,2002,12,0.224,282.497,96.03,5.74,50.88,0.0,0.33
1070,2002,13,0.2348,283.82,94.44,6.92,50.68,0.0,0.83
1071,2002,14,0.245,284.992,92.93,6.78,49.86,0.0,1.55
1072,2002,15,0.254,285.911,90.49,7.63,49.06,0.0,2.21
1073,2002,16,0.2728,287.479,87.17,13.3,50.23,0.0,3.49
1074,2002,17,0.3018,289.523,87.25,13.67,50.46,0.0,2.77
1075,2002,18,0.3273,290.656,85.42,17.66,51.54,0.0,1.99
1076,2002,19,0.3454,291.178,81.36,25.01,53.19,0.0,1.44
1077,2002,20,0.358,291.351,70.2,32.13,51.16,0.0,3.21
1078,2002,21,0.3645,291.374,67.73,35.19,51.46,0.0,3.43
1079,2002,22,0.3678,291.42,65.75,36.69,51.22,0.0,4.49
1080,2002,23,0.3729,291.581,67.11,36.94,52.02,0.0,3.49
1081,2002,24,0.3807,292.353,69.72,32.85,51.28,0.05,4.87
1082,2002,25,0.3923,293.785,73.86,23.91,48.88,0.11,7.2
1083,2002,26,0.3939,294.811,74.4,17.7,46.05,0.22,12.18
1084,2002,27,0.3883,295.536,73.1,13.18,43.14,0.55,18.83
1085,2002,28,0.3746,295.68,69.9,12.25,41.07,1.33,26.91
1086,2002,29,0.3642,296.096,67.87,10.31,39.09,2.38,33.06
1087,2002,30,0.3595,296.619,64.18,8.99,36.58,4.43,43.02
1088,2002,31,0.3532,296.765,63.44,7.89,35.66,5.48,47.18
1089,2002,32,0.3444,296.764,61.03,6.91,33.97,7.42,50.72
1090,2002,33,0.3315,296.808,56.7,5.05,30.87,12.13,62.07
1091,2002,34,0.3117,296.328,49.68,3.8,26.74,17.22,74.81
1092,2002,35,0.2806,294.786,40.47,5.9,23.18,25.91,83.94
1093,2002,36,0.2492,292.692,34.25,10.95,22.6,26.74,85.55
1094,2002,37,0.2264,289.666,31.98,20.88,26.43,17.77,75.75
1095,2002,38,0.2076,286.449,30.7,34.75,32.72,7.64,57.75
1096,2002,39,0.1963,284.196,32.67,41.03,36.85,3.21,45.07
1097,2002,40,0.187,282.52,35.85,39.97,37.91,2.71,42.3
1098,2002,41,0.1724,280.037,37.37,43.16,40.27,1.11,34.05
1099,2002,42,0.1534,277.524,36.12,43.77,39.94,0.77,34.99
1100,2002,43,0.1364,275.302,35.51,41.53,38.52,1.11,40.53
1101,2002,44,0.1228,272.934,37.06,39.33,38.19,1.44,41.97
1102,2002,45,0.1129,270.609,42.28,37.59,39.93,1.0,35.27
1103,2002,46,0.104,268.064,49.4,37.97,43.68,0.72,23.42
1104,2002,47,0.0974,265.65,57.48,39.83,48.65,0.22,14.51
1105,2002,48,0.0937,264.025,65.26,38.74,52.0,0.05,8.91
1106,2002,49,0.0883,262.811,65.23,37.25,51.24,0.05,9.36
1107,2002,50,0.0845,261.303,63.38,39.21,51.29,0.0,11.13
1108,2002,51,0.0835,260.254,64.47,40.64,52.55,0.0,9.41
1109,2002,52,0.0836,260.243,67.21,38.27,52.74,0.0,8.58
1110,2003,1,0.0847,260.912,72.72,32.6,52.66,0.0,9.52
1111,2003,2,0.0806,260.779,67.63,33.9,50.77,0.0,12.46
1112,2003,3,0.079,261.158,64.65,33.46,49.05,0.0,15.61
1113,2003,4,0.0761,261.637,58.72,34.77,46.75,0.11,20.38
1114,2003,5,0.0729,262.066,50.17,37.82,44.0,0.11,27.46
1115,2003,6,0.0697,262.709,41.81,39.83,40.82,0.05,35.33
1116,2003,7,0.0681,263.705,35.92,41.11,38.52,0.05,41.92
1117,2003,8,0.068,264.903,32.6,42.63,37.62,0.0,44.52
1118,2003,9,0.0754,267.096,33.97,49.34,41.65,0.0,23.15
1119,2003,10,0.0878,269.551,37.51,45.12,41.32,0.0,24.53
1120,2003,11,0.1092,272.223,44.11,40.29,42.2,0.0,21.26
1121,2003,12,0.1371,275.269,52.7,35.29,43.99,0.0,16.22
1122,2003,13,0.16,278.201,59.04,29.45,44.24,0.0,16.56
1123,2003,14,0.1854,281.521,66.54,20.58,43.56,0.0,17.44
1124,2003,15,0.2116,284.657,73.2,12.36,42.78,0.0,18.55
1125,2003,16,0.2392,287.431,70.41,14.0,42.2,0.33,26.8
1126,2003,17,0.2672,289.723,71.07,12.73,41.9,0.28,25.42
1127,2003,18,0.2986,291.722,72.7,10.58,41.64,0.33,24.86
1128,2003,19,0.3326,293.647,75.67,7.71,41.69,0.22,23.81
1129,2003,20,0.3568,294.51,69.64,10.74,40.19,0.28,29.96
1130,2003,21,0.3739,294.69,71.07,12.16,41.62,0.33,24.64
1131,2003,22,0.3888,295.022,73.51,11.95,42.73,0.33,20.93
1132,2003,23,0.3954,294.86,75.5,14.37,44.93,0.39,15.61
1133,2003,24,0.388,293.975,72.14,21.32,46.73,0.11,12.29
1134,2003,25,0.3697,292.828,64.81,31.35,48.08,0.05,11.74
1135,2003,26,0.3506,291.747,57.59,41.31,49.45,0.11,10.3
1136,2003,27,0.3429,291.565,55.54,44.28,49.91,0.11,10.52
1137,2003,28,0.3435,291.84,57.67,43.72,50.69,0.05,9.52
1138,2003,29,0.3479,292.235,61.35,43.26,52.3,0.05,6.81
1139,2003,30,0.3505,292.501,60.16,44.27,52.22,0.0,5.98
1140,2003,31,0.3551,292.848,64.63,41.87,53.25,0.0,5.59
1141,2003,32,0.3562,292.807,67.15,42.07,54.6,0.11,5.26
1142,2003,33,0.3455,291.898,63.99,48.8,56.39,0.17,4.82
1143,2003,34,0.3332,290.793,60.49,53.07,56.78,0.22,5.15
1144,2003,35,0.3299,290.324,63.3,45.92,54.61,0.22,5.81
1145,2003,36,0.3223,289.672,66.62,36.8,51.71,0.22,8.19
1146,2003,37,0.3083,288.559,68.14,30.51,49.32,0.05,10.52
1147,2003,38,0.2863,286.997,66.26,30.51,48.38,0.05,12.51
1148,2003,39,0.2567,284.835,61.07,35.73,48.4,0.0,13.01
1149,2003,40,0.2213,281.906,52.84,44.76,48.8,0.05,11.3
1150,2003,41,0.1899,279.161,46.64,49.75,48.19,0.0,10.63
1151,2003,42,0.1706,277.114,45.81,46.52,46.17,0.05,14.67
1152,2003,43,0.1579,275.744,48.45,38.12,43.29,0.11,22.76
1153,2003,44,0.1477,274.794,53.54,26.61,40.08,0.66,32.95
1154,2003,45,0.137,273.786,60.06,18.03,39.04,1.66,35.77
1155,2003,46,0.1204,272.018,63.51,15.76,39.63,1.94,34.94
1156,2003,47,0.1064,269.897,66.75,16.8,41.77,1.16,29.84
1157,2003,48,0.1041,268.348,77.69,15.71,46.7,0.33,16.22
1158,2003,49,0.1045,267.12,85.05,14.5,49.78,0.11,8.86
1159,2003,50,0.1057,265.811,88.98,14.64,51.81,0.11,6.2
1160,2003,51,0.1022,263.919,87.86,19.58,53.72,0.05,5.54
1161,2003,52,0.0932,261.035,82.03,33.65,57.84,0.0,5.26
1162,2004,1,0.0839,257.977,76.89,49.14,63.02,0.0,3.88
1163,2004,2,0.0762,255.34,66.68,59.51,63.1,0.0,3.21
1164,2004,3,0.0721,254.263,59.83,62.56,61.2,0.0,3.16
1165,2004,4,0.0706,254.693,55.22,61.72,58.47,0.0,3.32
1166,2004,5,0.0707,256.359,49.39,58.66,54.02,0.0,4.6
1167,2004,6,0.0729,258.313,45.26,55.23,50.24,0.0,7.59
1168,2004,7,0.0728,259.534,39.93,55.54,47.74,0.0,10.74
1169,2004,8,0.0748,260.811,37.61,56.71,47.16,0.0,10.02
1170,2004,9,0.0811,262.785,37.95,66.89,52.42,0.0,1.22
1171,2004,10,0.0917,265.319,40.23,61.94,51.08,0.0,2.05
1172,2004,11,0.1076,268.954,43.55,52.59,48.07,0.0,4.49
1173,2004,12,0.1329,272.758,50.81,44.38,47.6,0.0,4.43
1174,2004,13,0.1677,276.841,62.88,34.02,48.45,0.0,2.71
1175,2004,14,0.2062,280.659,75.84,23.36,49.6,0.0,1.33
1176,2004,15,0.2358,283.824,82.79,15.21,49.0,0.0,1.16
1177,2004,16,0.2628,286.886,81.86,18.04,49.95,0.0,2.71
1178,2004,17,0.2821,288.768,78.07,19.6,48.83,0.0,4.49
1179,2004,18,0.3001,289.956,73.63,23.17,48.4,0.0,6.03
1180,2004,19,0.3158,290.733,68.97,28.78,48.87,0.0,6.31
1181,2004,20,0.3327,291.274,61.03,32.95,46.99,0.0,9.08
1182,2004,21,0.3475,291.6,61.63,33.89,47.76,0.05,6.87
1183,2004,22,0.3609,292.346,63.47,30.48,46.97,0.11,8.91
1184,2004,23,0.3701,292.81,66.27,28.38,47.32,0.05,7.42
1185,2004,24,0.3763,292.801,68.2,29.1,48.65,0.05,5.93
1186,2004,25,0.3752,292.304,67.57,34.18,50.87,0.05,4.32
1187,2004,26,0.3796,292.348,69.15,35.28,52.21,0.0,3.88
1188,2004,27,0.3796,292.641,69.97,34.34,52.16,0.0,4.37
1189,2004,28,0.3701,292.721,68.42,35.01,51.71,0.05,5.65
1190,2004,29,0.364,292.719,68.04,37.57,52.8,0.0,4.87
1191,2004,30,0.3617,292.845,65.35,40.08,52.71,0.05,5.2
1192,2004,31,0.3632,293.035,68.1,39.68,53.89,0.05,3.99
1193,2004,32,0.3629,292.776,69.96,42.18,56.07,0.05,2.1
1194,2004,33,0.3642,292.345,72.85,44.89,58.87,0.0,1.11
1195,2004,34,0.3737,292.183,79.81,40.79,60.3,0.0,0.77
1196,2004,35,0.3768,292.039,84.21,30.32,57.26,0.0,1.11
1197,2004,36,0.3654,291.001,85.24,25.21,55.22,0.0,1.99
1198,2004,37,0.3482,289.723,85.25,20.39,52.82,0.0,3.49
1199,2004,38,0.3283,288.02,84.7,21.55,53.12,0.0,3.05
1200,2004,39,0.3096,286.479,85.44,21.64,53.54,0.0,2.99
1201,2004,40,0.2863,284.315,84.51,25.23,54.87,0.0,3.16
1202,2004,41,0.2584,281.991,81.91,27.41,54.66,0.05,4.04
1203,2004,42,0.237,280.143,81.66,24.09,52.87,0.11,4.43
1204,2004,43,0.2139,277.957,80.51,22.57,51.54,0.11,6.2
1205,2004,44,0.1827,274.9,75.5,26.14,50.82,0.11,8.31
1206,2004,45,0.1444,270.541,65.51,38.25,51.88,0.11,9.74
1207,2004,46,0.1121,266.026,57.57,49.91,53.74,0.05,8.97
1208,2004,47,0.0972,263.706,59.56,51.01,55.29,0.11,8.47
1209,2004,48,0.0877,262.424,62.21,47.97,55.09,0.05,7.97
1210,2004,49,0.0813,261.675,61.19,43.83,52.51,0.05,11.52
1211,2004,50,0.0798,261.691,62.27,36.97,49.62,0.05,15.89
1212,2004,51,0.0837,262.537,69.44,26.77,48.1,0.05,15.84
1213,2004,52,0.0879,262.956,77.25,21.78,49.51,0.05,11.35
1214,2005,1,0.0878,262.2,77.96,25.9,51.93,0.11,8.36
1215,2005,2,0.0829,261.135,72.44,32.18,52.31,0.11,6.92
1216,2005,3,0.0784,260.693,65.58,35.47,50.52,0.0,7.31
1217,2005,4,0.0739,260.204,57.54,40.58,49.06,0.05,7.75
1218,2005,5,0.0683,259.427,46.52,47.63,47.07,0.0,10.63
1219,2005,6,0.0637,258.428,37.29,54.95,46.12,0.0,12.62
1220,2005,7,0.0603,258.413,30.52,59.51,45.01,0.0,15.5
1221,2005,8,0.0606,259.486,27.83,61.44,44.64,0.0,15.39
1222,2005,9,0.0645,260.87,27.36,75.35,51.35,0.0,3.43
1223,2005,10,0.0703,262.582,27.32,74.4,50.86,0.0,4.76
1224,2005,11,0.0844,266.19,30.58,65.75,48.16,0.0,7.7
1225,2005,12,0.1072,271.045,37.28,52.8,45.04,0.0,12.68
1226,2005,13,0.1339,274.881,45.99,43.15,44.57,0.0,12.57
1227,2005,14,0.1581,278.141,53.47,34.41,43.94,0.0,14.06
1228,2005,15,0.1779,280.8,57.91,27.69,42.8,0.0,16.44
1229,2005,16,0.1909,282.147,46.61,48.75,47.68,0.05,12.24
1230,2005,17,0.2086,282.904,44.12,58.02,51.07,0.0,5.93
1231,2005,18,0.2408,284.434,47.72,59.88,53.8,0.0,2.77
1232,2005,19,0.2764,286.12,52.33,60.06,56.19,0.0,1.27
1233,2005,20,0.3124,287.878,53.61,55.5,54.55,0.0,1.33
1234,2005,21,0.3434,289.212,60.06,50.29,55.17,0.0,1.44
1235,2005,22,0.3707,290.349,67.06,44.42,55.74,0.0,1.22
1236,2005,23,0.3917,291.301,74.25,39.35,56.8,0.0,0.94
1237,2005,24,0.4062,292.263,78.95,33.73,56.34,0.0,1.27
1238,2005,25,0.4105,292.383,80.01,34.45,57.23,0.0,0.89
1239,2005,26,0.4126,292.685,80.59,33.94,57.26,0.0,0.77
1240,2005,27,0.4177,293.739,82.68,27.24,54.96,0.0,1.05
1241,2005,28,0.4131,294.236,82.96,24.32,53.64,0.0,2.21
1242,2005,29,0.4045,294.192,81.92,26.46,54.19,0.0,3.1
1243,2005,30,0.3996,294.206,80.04,29.32,54.68,0.0,3.27
1244,2005,31,0.4065,294.349,84.29,28.6,56.44,0.0,2.44
1245,2005,32,0.4118,294.323,87.51,28.31,57.91,0.0,1.5
1246,2005,33,0.4164,294.39,90.17,26.26,58.21,0.0,0.94
1247,2005,34,0.4207,294.354,92.61,21.1,56.85,0.0,0.89
1248,2005,35,0.4167,293.915,93.74,14.28,54.01,0.0,1.33
1249,2005,36,0.4113,293.435,95.39,7.6,51.49,0.0,1.11
1250,2005,37,0.4037,292.906,97.03,2.64,49.84,0.0,0.5
1251,2005,38,0.3805,291.09,96.93,3.08,50.01,0.0,0.44
1252,2005,39,0.3575,289.6,96.75,2.78,49.76,0.0,0.5
1253,2005,40,0.3385,288.173,97.12,2.25,49.68,0.0,0.61
1254,2005,41,0.3087,285.739,96.11,3.84,49.97,0.0,1.27
1255,2005,42,0.2751,282.882,93.81,7.3,50.55,0.0,2.44
1256,2005,43,0.2378,280.167,89.04,9.58,49.31,0.0,4.65
1257,2005,44,0.2032,277.377,84.36,11.66,48.01,0.0,9.25
1258,2005,45,0.1697,274.137,79.89,16.97,48.43,0.05,11.19
1259,2005,46,0.1392,271.033,75.88,22.15,49.01,0.11,13.12
1260,2005,47,0.1142,268.092,72.2,27.32,49.76,0.05,12.79
1261,2005,48,0.0939,264.965,66.62,33.83,50.22,0.22,13.23
1262,2005,49,0.0816,262.149,60.3,40.58,50.44,0.05,14.73
1263,2005,50,0.0764,260.513,57.02,43.2,50.11,0.22,17.17
1264,2005,51,0.0689,259.142,50.57,46.54,48.56,0.33,19.77
1265,2005,52,0.0665,258.567,50.22,48.06,49.14,0.33,16.11
1266,2006,1,0.066,257.721,52.67,51.15,51.91,0.05,9.64
1267,2006,2,0.0661,257.023,51.86,53.68,52.77,0.0,7.81
1268,2006,3,0.0661,257.109,51.0,53.07,52.03,0.0,6.64
1269,2006,4,0.0646,257.365,47.52,53.73,50.63,0.0,6.03
1270,2006,5,0.0622,257.701,40.76,55.53,48.14,0.0,9.47
1271,2006,6,0.059,258.175,33.26,56.81,45.04,0.0,16.67
1272,2006,7,0.0595,259.751,29.64,55.38,42.51,0.0,24.09
1273,2006,8,0.06,261.705,27.11,53.89,40.5,0.0,29.29
1274,2006,9,0.058,262.793,23.1,67.44,45.27,0.0,10.91
1275,2006,10,0.0623,264.556,22.49,65.76,44.12,0.0,15.17
1276,2006,11,0.0706,266.972,23.06,61.84,42.45,0.0,19.82
1277,2006,12,0.0819,269.436,24.43,58.83,41.63,0.0,22.92
1278,2006,13,0.1009,272.486,30.04,52.43,41.24,0.0,24.47
1279,2006,14,0.1278,276.21,39.78,41.97,40.88,0.05,24.03
1280,2006,15,0.1562,279.69,48.87,31.98,40.42,0.05,23.26
1281,2006,16,0.1868,282.895,44.28,44.8,44.54,0.11,15.95
1282,2006,17,0.2198,285.844,49.08,40.02,44.55,0.05,14.84
1283,2006,18,0.2493,287.79,51.11,38.74,44.92,0.11,14.73
1284,2006,19,0.2741,288.888,50.92,42.39,46.66,0.0,12.35
1285,2006,20,0.2966,289.47,47.67,45.55,46.61,0.0,12.4
1286,2006,21,0.3154,289.76,49.44,46.92,48.18,0.11,9.86
1287,2006,22,0.3348,289.974,53.22,47.35,50.29,0.05,6.59
1288,2006,23,0.3588,290.792,61.52,43.1,52.31,0.0,4.32
1289,2006,24,0.3824,291.986,70.09,35.93,53.01,0.0,3.6
1290,2006,25,0.4024,293.002,77.27,29.88,53.57,0.0,2.44
1291,2006,26,0.4217,293.994,83.89,23.83,53.86,0.0,1.61
1292,2006,27,0.4327,294.725,88.01,19.4,53.71,0.0,1.44
1293,2006,28,0.4278,294.485,88.39,21.85,55.12,0.0,1.33
1294,2006,29,0.4171,294.054,86.88,27.4,57.14,0.0,0.94
1295,2006,30,0.41,293.978,85.15,31.0,58.08,0.0,1.0
1296,2006,31,0.4006,293.586,83.49,35.17,59.33,0.0,0.39
1297,2006,32,0.3844,292.832,78.8,41.7,60.25,0.0,0.55
1298,2006,33,0.3663,291.953,73.05,48.1,60.57,0.0,1.0
1299,2006,34,0.3533,291.217,69.78,48.94,59.36,0.05,1.38
1300,2006,35,0.3532,290.794,73.34,41.46,57.4,0.05,2.55
1301,2006,36,0.3547,290.484,79.28,29.87,54.58,0.0,2.99
1302,2006,37,0.3508,289.907,84.35,19.23,51.79,0.0,3.27
1303,2006,38,0.3456,289.015,88.91,13.97,51.44,0.0,2.82
1304,2006,39,0.3422,288.493,93.58,7.41,50.49,0.0,1.55
1305,2006,40,0.3311,287.309,95.78,5.39,50.59,0.0,1.16
1306,2006,41,0.3056,285.208,95.12,6.04,50.58,0.0,1.16
1307,2006,42,0.2763,283.19,93.22,6.15,49.69,0.0,1.99
1308,2006,43,0.2497,281.415,91.61,5.41,48.51,0.0,3.65
1309,2006,44,0.2209,279.585,89.95,4.82,47.39,0.0,6.59
1310,2006,45,0.1899,277.624,87.53,5.0,46.27,0.0,9.86
1311,2006,46,0.164,276.038,86.37,4.68,45.53,0.17,12.57
1312,2006,47,0.1462,274.98,87.27,3.38,45.32,0.22,13.4
1313,2006,48,0.1414,274.376,91.59,1.88,46.73,0.22,8.86
1314,2006,49,0.1339,273.366,91.83,1.32,46.58,0.39,9.52
1315,2006,50,0.1233,271.594,89.08,1.32,45.2,1.11,14.4
1316,2006,51,0.1122,269.844,85.43,1.45,43.44,1.44,19.49
1317,2006,52,0.1021,269.068,82.01,1.7,41.85,2.21,24.64
1318,2007,1,0.0938,268.085,79.39,3.25,41.32,2.6,26.85
1319,2007,2,0.0855,266.764,72.79,7.62,40.2,2.16,32.95
1320,2007,3,0.0783,265.571,65.06,13.56,39.31,1.16,35.83
1321,2007,4,0.0759,264.475,59.65,22.19,40.92,0.11,30.79
1322,2007,5,0.0701,263.163,48.31,33.08,40.7,0.11,31.12
1323,2007,6,0.0669,262.637,39.98,39.95,39.97,0.17,33.56
1324,2007,7,0.0709,263.413,38.53,42.25,40.39,0.05,31.51
1325,2007,8,0.0779,265.412,39.79,41.17,40.48,0.05,29.35
1326,2007,9,0.0942,268.419,46.11,43.85,44.98,0.0,12.73
1327,2007,10,0.1153,271.753,54.03,36.19,45.11,0.0,11.24
1328,2007,11,0.1396,275.305,60.94,27.8,44.37,0.0,12.13
1329,2007,12,0.1693,278.496,69.07,22.84,45.96,0.0,8.86
1330,2007,13,0.2001,281.626,77.42,16.51,46.97,0.0,6.48
1331,2007,14,0.2283,283.955,83.45,12.07,47.76,0.0,3.82
1332,2007,15,0.2541,285.665,87.12,9.94,48.53,0.0,2.44
1333,2007,16,0.2758,286.878,84.86,18.95,51.91,0.0,1.94
1334,2007,17,0.301,288.146,83.93,24.42,54.18,0.0,1.05
1335,2007,18,0.3218,289.312,81.26,28.02,54.64,0.0,1.61
1336,2007,19,0.3444,290.908,79.72,27.65,53.69,0.0,2.1
1337,2007,20,0.3667,292.267,73.11,26.2,49.66,0.0,5.76
1338,2007,21,0.391,293.685,77.19,19.66,48.43,0.0,6.53
1339,2007,22,0.4134,295.027,82.03,13.15,47.59,0.0,6.48
1340,2007,23,0.4248,295.444,85.47,11.73,48.6,0.0,4.71
1341,2007,24,0.4234,294.881,84.55,15.3,49.92,0.0,3.6
1342,2007,25,0.419,294.312,82.64,20.2,51.42,0.0,3.65
1343,2007,26,0.4186,294.27,82.19,21.64,51.92,0.05,3.82
1344,2007,27,0.4182,294.457,82.69,21.47,52.08,0.05,4.15
1345,2007,28,0.4124,294.231,82.65,24.02,53.33,0.05,4.65
1346,2007,29,0.4079,293.911,83.14,28.66,55.9,0.05,3.99
1347,2007,30,0.4046,293.807,82.93,32.39,57.66,0.11,3.54
1348,2007,31,0.4037,293.869,84.72,32.44,58.58,0.17,3.71
1349,2007,32,0.3981,293.47,84.36,35.7,60.03,0.17,3.43
1350,2007,33,0.3828,292.805,80.29,40.2,60.25,0.17,3.38
1351,2007,34,0.3732,291.875,78.15,42.78,60.47,0.17,3.05
1352,2007,35,0.3667,290.684,78.64,42.29,60.47,0.11,1.99
1353,2007,36,0.3529,289.64,78.62,36.97,57.8,0.05,2.77
1354,2007,37,0.3351,288.601,78.24,29.87,54.06,0.05,4.98
1355,2007,38,0.318,289.099,78.43,14.92,46.67,0.39,13.29
1356,2007,39,0.2965,290.949,77.76,4.3,41.03,1.66,26.63
1357,2007,40,0.2712,287.54,76.02,11.59,43.81,0.61,19.99
1358,2007,41,0.2406,283.389,71.99,21.14,46.57,0.55,16.78
1359,2007,42,0.2103,283.041,66.97,14.41,40.69,1.0,33.5
1360,2007,43,0.181,277.051,61.54,31.58,46.56,1.38,25.75
1361,2007,44,0.1545,278.203,57.37,12.56,34.97,4.04,51.22
1362,2007,45,0.13,275.846,54.21,14.32,34.27,4.26,56.53
1363,2007,46,0.1075,268.671,51.61,34.38,43.0,0.77,31.17
1364,2007,47,0.0881,268.184,48.87,26.5,37.68,4.21,47.9
1365,2007,48,0.0732,263.739,44.92,39.5,42.21,1.44,34.38
1366,2007,49,0.0607,259.016,35.35,53.71,44.53,4.1,36.38
1367,2007,50,0.0578,258.34,33.56,53.69,43.63,4.37,34.16
1368,2007,51,0.06,257.747,38.96,54.07,46.52,1.66,26.74
1369,2007,52,0.0594,257.868,41.28,51.04,46.16,2.05,28.79
1370,2008,1,0.0633,260.11,49.98,37.54,43.76,1.16,28.52
1371,2008,2,0.0703,262.135,58.24,26.87,42.56,1.61,33.11
1372,2008,3,0.0819,257.869,69.52,48.47,58.99,0.11,8.36
1373,2008,4,0.0913,256.966,74.21,53.91,64.06,0.0,2.44
1374,2008,5,0.1036,262.872,75.65,34.59,55.12,0.05,6.48
1375,2008,6,0.1225,266.463,80.06,25.67,52.87,0.05,5.43
1376,2008,7,0.1374,270.731,81.36,15.61,48.48,0.05,7.14
1377,2008,8,0.1471,272.066,80.94,16.82,48.88,0.0,6.92
1378,2008,9,0.1492,272.592,77.15,25.33,51.24,0.0,2.33
1379,2008,10,0.1516,273.169,73.57,30.08,51.82,0.0,2.27
1380,2008,11,0.1594,274.717,70.67,30.23,50.45,0.0,3.16
1381,2008,12,0.1608,275.442,64.59,35.38,49.99,0.0,4.54
1382,2008,13,0.1716,276.615,64.37,36.7,50.53,0.0,4.32
1383,2008,14,0.1827,277.995,64.74,35.58,50.16,0.0,4.26
1384,2008,15,0.2082,280.221,70.55,30.33,50.44,0.0,2.99
1385,2008,16,0.2471,282.686,73.38,45.48,59.43,0.0,0.89
1386,2008,17,0.2813,284.666,76.26,47.6,61.93,0.0,0.44
1387,2008,18,0.3164,286.356,78.67,48.53,63.6,0.0,0.22
1388,2008,19,0.3509,288.026,81.11,48.41,64.76,0.0,0.17
1389,2008,20,0.3764,289.049,75.82,48.65,62.24,0.0,0.66
1390,2008,21,0.4047,290.549,80.88,41.68,61.28,0.0,0.61
1391,2008,22,0.4211,291.453,83.63,37.13,60.38,0.0,0.55
1392,2008,23,0.4334,292.327,86.98,32.26,59.62,0.0,0.5
1393,2008,24,0.4446,293.498,89.78,24.74,57.26,0.0,0.44
1394,2008,25,0.4428,293.683,89.01,24.71,56.86,0.0,0.61
1395,2008,26,0.4396,293.964,87.97,23.99,55.98,0.0,0.61
1396,2008,27,0.4274,293.822,85.12,26.29,55.71,0.0,1.22
1397,2008,28,0.4195,293.857,84.33,26.95,55.64,0.0,1.83
1398,2008,29,0.4183,294.375,85.6,24.69,55.14,0.0,3.16
1399,2008,30,0.4114,294.43,84.3,27.18,55.74,0.0,3.43
1400,2008,31,0.4012,293.712,83.09,33.98,58.54,0.05,3.05
1401,2008,32,0.3986,293.619,84.19,34.62,59.4,0.05,2.88
1402,2008,33,0.3873,293.53,82.21,33.84,58.03,0.05,3.54
1403,2008,34,0.3687,292.808,76.78,34.62,55.7,0.22,4.49
1404,2008,35,0.3419,291.403,68.8,35.76,52.28,0.22,6.87
1405,2008,36,0.3079,289.3,60.46,39.44,49.95,0.17,8.36
1406,2008,37,0.2804,287.411,56.09,39.05,47.57,0.05,11.24
1407,2008,38,0.2541,285.666,51.84,40.19,46.01,0.0,14.23
1408,2008,39,0.2423,284.697,54.42,35.64,45.03,0.11,17.28
1409,2008,40,0.2414,284.184,62.73,26.28,44.51,0.17,16.17
1410,2008,41,0.2406,283.741,72.14,15.17,43.65,0.05,15.78
1411,2008,42,0.2406,283.578,81.49,5.29,43.39,0.05,14.23
1412,2008,43,0.2337,282.567,87.46,2.35,44.9,0.11,9.47
1413,2008,44,0.2161,280.115,89.63,2.52,46.08,0.11,6.76
1414,2008,45,0.2008,278.046,92.12,2.89,47.51,0.05,5.15
1415,2008,46,0.1811,276.122,92.69,3.96,48.33,0.05,5.04
1416,2008,47,0.1577,273.593,91.9,6.53,49.22,0.05,5.09
1417,2008,48,0.1357,270.691,90.77,9.67,50.22,0.0,5.7
1418,2008,49,0.1132,267.475,84.86,15.29,50.07,0.05,7.47
1419,2008,50,0.0979,265.22,77.5,19.03,48.27,0.17,13.34
1420,2008,51,0.089,263.815,72.91,20.63,46.77,0.17,16.83
1421,2008,52,0.0824,262.639,69.41,24.38,46.9,0.17,14.73
1422,2009,1,0.0715,261.285,60.8,30.94,45.87,0.33,17.11
1423,2009,2,0.0657,261.0,52.67,33.03,42.85,0.66,22.87
1424,2009,3,0.0633,261.304,48.98,32.87,40.92,0.39,29.29
1425,2009,4,0.0618,261.795,45.56,34.23,39.9,0.28,32.39
1426,2009,5,0.0613,262.123,40.77,37.85,39.31,0.05,35.77
1427,2009,6,0.0633,262.77,37.48,39.91,38.7,0.05,38.1
1428,2009,7,0.0679,263.644,36.42,41.64,39.03,0.0,36.54
1429,2009,8,0.0777,265.753,39.77,40.02,39.9,0.0,27.85
1430,2009,9,0.0878,267.169,42.18,49.69,45.94,0.0,7.86
1431,2009,10,0.1051,269.267,47.84,47.19,47.52,0.0,5.76
1432,2009,11,0.1284,272.417,54.32,40.33,47.33,0.0,6.37
1433,2009,12,0.1571,276.079,62.19,32.98,47.58,0.0,5.98
1434,2009,13,0.1875,279.742,70.49,24.19,47.34,0.0,5.65
1435,2009,14,0.223,283.428,80.38,14.11,47.24,0.0,4.93
1436,2009,15,0.258,286.55,88.29,7.0,47.65,0.0,3.65
1437,2009,16,0.2894,288.45,91.19,9.85,50.52,0.0,1.33
1438,2009,17,0.3128,289.802,89.14,13.63,51.38,0.0,1.61
1439,2009,18,0.3306,290.583,84.76,19.31,52.04,0.0,2.49
1440,2009,19,0.352,291.54,82.24,23.53,52.88,0.0,2.55
1441,2009,20,0.3656,291.726,77.82,30.46,54.14,0.0,2.44
1442,2009,21,0.373,291.268,73.97,36.78,55.38,0.0,2.55
1443,2009,22,0.3824,291.027,73.32,40.01,56.66,0.0,1.72
1444,2009,23,0.3939,291.326,76.64,38.95,57.8,0.0,1.55
1445,2009,24,0.4041,291.766,79.19,36.96,58.08,0.0,1.38
1446,2009,25,0.4134,292.288,81.49,34.73,58.11,0.0,1.16
1447,2009,26,0.4186,292.712,83.04,33.1,58.07,0.0,1.0
1448,2009,27,0.4301,293.571,87.27,27.91,57.59,0.0,1.05
1449,2009,28,0.4282,293.796,88.19,27.25,57.72,0.0,1.38
1450,2009,29,0.4238,293.996,88.41,27.79,58.1,0.0,1.88
1451,2009,30,0.4173,294.028,86.87,30.61,58.74,0.0,2.6
1452,2009,31,0.4161,294.261,87.96,29.27,58.62,0.05,3.82
1453,2009,32,0.4157,294.666,89.11,25.58,57.34,0.0,5.32
1454,2009,33,0.4038,294.48,87.08,25.87,56.47,0.17,7.97
1455,2009,34,0.3877,294.112,83.98,23.79,53.88,0.44,12.46
1456,2009,35,0.3703,293.755,81.85,16.53,49.19,0.72,16.33
1457,2009,36,0.3466,292.612,79.11,13.97,46.54,0.83,19.71
1458,2009,37,0.3226,290.943,76.86,13.06,44.96,0.83,21.82
1459,2009,38,0.2963,288.675,73.47,17.6,45.54,0.77,20.88
1460,2009,39,0.2668,286.182,68.6,24.98,46.79,0.55,17.89
1461,2009,40,0.2355,283.608,62.59,31.35,46.97,0.11,16.67
1462,2009,41,0.1985,280.316,52.79,40.88,46.83,0.11,15.17
1463,2009,42,0.1615,276.504,42.22,50.85,46.53,0.11,17.72
1464,2009,43,0.1332,273.22,35.44,54.84,45.14,0.11,22.7
1465,2009,44,0.1157,270.83,34.47,51.68,43.07,0.5,30.18
1466,2009,45,0.102,268.722,36.18,47.72,41.95,0.77,32.89
1467,2009,46,0.094,266.893,43.02,43.54,43.28,0.61,29.01
1468,2009,47,0.087,264.722,50.51,43.75,47.13,0.22,21.59
1469,2009,48,0.0819,262.456,58.56,46.34,52.45,0.11,11.19
1470,2009,49,0.0764,259.471,60.79,54.92,57.85,0.0,5.7
1471,2009,50,0.0738,257.188,63.92,61.76,62.84,0.05,2.77
1472,2009,51,0.0684,255.099,60.26,69.05,64.66,0.0,2.71
1473,2009,52,0.0633,253.961,52.86,72.67,62.76,0.0,2.05
1474,2010,1,0.0593,253.735,50.94,71.11,61.03,0.0,1.83
1475,2010,2,0.058,253.958,46.45,67.43,56.94,0.0,3.6
1476,2010,3,0.0559,254.193,42.14,65.43,53.79,0.0,5.54
1477,2010,4,0.0535,254.654,37.29,64.18,50.73,0.0,8.14
1478,2010,5,0.0533,255.887,33.36,61.63,47.5,0.0,12.62
1479,2010,6,0.0551,257.695,30.61,57.94,44.28,0.05,19.71
1480,2010,7,0.0577,259.905,28.87,54.55,41.71,0.05,26.25
1481,2010,8,0.0626,262.632,29.38,50.76,40.07,0.11,31.56
1482,2010,9,0.0728,265.802,32.66,54.98,43.82,0.0,15.67
1483,2010,10,0.0898,269.098,38.69,47.17,42.93,0.0,16.78
1484,2010,11,0.1059,272.38,42.0,39.91,40.96,0.0,23.48
1485,2010,12,0.123,275.71,44.5,34.07,39.28,0.0,31.01
1486,2010,13,0.1424,278.878,47.69,27.35,37.53,0.11,38.98
1487,2010,14,0.1679,281.963,53.68,19.45,36.57,0.17,45.13
1488,2010,15,0.1972,284.63,60.72,13.23,36.97,0.22,43.35
1489,2010,16,0.2288,286.601,66.21,20.29,43.25,0.0,18.6
1490,2010,17,0.2569,287.915,66.96,25.61,46.28,0.0,11.13
1491,2010,18,0.2774,288.726,64.05,31.98,48.02,0.0,7.75
1492,2010,19,0.3022,289.396,63.51,38.63,51.07,0.0,4.65
1493,2010,20,0.3332,290.218,66.01,40.35,53.18,0.0,2.77
1494,2010,21,0.3644,291.11,71.3,37.53,54.42,0.0,2.27
1495,2010,22,0.3967,292.098,79.21,32.5,55.85,0.0,1.72
1496,2010,23,0.4231,293.046,86.86,27.34,57.1,0.05,0.94
1497,2010,24,0.44,293.837,90.18,22.7,56.44,0.05,0.89
1498,2010,25,0.4507,294.672,91.57,18.26,54.91,0.05,1.11
1499,2010,26,0.4528,295.394,91.67,14.84,53.25,0.05,1.72
1500,2010,27,0.4544,295.961,92.57,12.4,52.49,0.05,1.27
1501,2010,28,0.4468,295.845,92.55,13.02,52.79,0.0,0.94
1502,2010,29,0.4345,295.658,91.71,15.0,53.35,0.0,1.38
1503,2010,30,0.4266,296.032,91.08,14.73,52.9,0.0,2.16
1504,2010,31,0.4117,295.444,89.08,19.42,54.25,0.0,1.88
1505,2010,32,0.3968,294.371,86.1,27.85,56.97,0.0,1.22
1506,2010,33,0.3841,293.132,82.78,37.06,59.92,0.0,0.72
1507,2010,34,0.3642,291.194,76.79,47.72,62.25,0.0,0.77
1508,2010,35,0.3508,289.341,74.96,51.71,63.33,0.0,0.39
1509,2010,36,0.3388,287.562,75.3,51.8,63.55,0.0,0.33
1510,2010,37,0.3377,286.791,80.5,43.3,61.9,0.0,0.5
1511,2010,38,0.3345,285.472,85.26,42.31,63.79,0.0,0.22
1512,2010,39,0.3282,284.547,89.22,37.9,63.56,0.0,0.17
1513,2010,40,0.3164,283.801,91.14,29.44,60.29,0.0,0.39
1514,2010,41,0.2923,281.774,91.54,29.22,60.38,0.0,0.5
1515,2010,42,0.2609,279.979,90.09,25.29,57.69,0.0,0.66
1516,2010,43,0.2312,278.951,87.91,16.28,52.1,0.0,2.05
1517,2010,44,0.1985,277.47,84.15,12.3,48.22,0.0,7.92
1518,2010,45,0.17,275.108,81.43,13.36,47.4,0.05,11.41
1519,2010,46,0.1433,271.675,79.92,19.61,49.77,0.05,10.24
1520,2010,47,0.1186,267.486,77.71,30.35,54.03,0.05,7.59
1521,2010,48,0.0949,263.511,71.11,41.13,56.12,0.0,6.53
1522,2010,49,0.0817,260.542,66.78,48.94,57.86,0.0,6.15
1523,2010,50,0.0759,258.57,66.95,53.74,60.35,0.0,4.98
1524,2010,51,0.0671,256.662,58.42,60.44,59.43,0.0,6.7
1525,2010,52,0.0636,256.127,53.44,62.1,57.77,0.05,6.87
1526,2011,1,0.0591,256.207,50.91,60.02,55.46,0.0,4.87
1527,2011,2,0.0557,256.541,43.44,56.42,49.93,0.0,9.25
1528,2011,3,0.0546,257.733,40.62,50.27,45.45,0.0,15.23
1529,2011,4,0.0574,259.394,41.93,44.93,43.43,0.05,18.88
1530,2011,5,0.0631,261.396,42.77,40.78,41.77,0.0,23.64
1531,2011,6,0.068,262.884,41.43,39.42,40.42,0.0,28.63
1532,2011,7,0.0761,264.764,42.38,37.43,39.9,0.0,32.12
1533,2011,8,0.0848,266.6,44.19,36.6,40.4,0.0,30.73
1534,2011,9,0.0997,268.886,49.22,41.33,45.27,0.0,12.46
1535,2011,10,0.1203,272.184,56.38,33.49,44.94,0.0,13.07
1536,2011,11,0.1414,275.019,61.07,28.35,44.71,0.0,13.84
1537,2011,12,0.1677,277.725,67.14,25.52,46.33,0.0,10.91
1538,2011,13,0.1924,280.348,72.22,21.25,46.74,0.0,10.8
1539,2011,14,0.2132,282.466,75.32,17.46,46.39,0.0,11.35
1540,2011,15,0.2354,284.776,78.33,12.86,45.59,0.0,12.62
1541,2011,16,0.2593,286.794,79.45,19.54,49.49,0.0,6.76
1542,2011,17,0.2866,288.567,79.4,21.76,50.58,0.0,6.42
1543,2011,18,0.3156,290.454,79.62,20.5,50.06,0.0,6.48
1544,2011,19,0.3455,291.915,80.54,21.08,50.81,0.0,5.87
1545,2011,20,0.3734,292.944,81.22,22.19,51.7,0.0,5.81
1546,2011,21,0.4004,293.965,84.17,18.15,51.16,0.0,6.15
1547,2011,22,0.4207,294.993,86.78,13.68,50.23,0.06,6.37
1548,2011,23,0.4187,294.942,85.43,14.96,50.2,0.11,6.59
1549,2011,24,0.4003,293.588,77.86,24.12,50.99,0.11,7.7
1550,2011,25,0.3844,292.585,70.87,32.76,51.82,0.11,6.81
1551,2011,26,0.3764,292.478,67.93,35.12,51.53,0.06,8.03
1552,2011,27,0.369,292.331,66.21,37.8,52.0,0.17,6.92
1553,2011,28,0.3639,292.219,66.18,40.33,53.26,0.06,6.26
1554,2011,29,0.3673,292.457,69.69,41.05,55.37,0.11,5.37
1555,2011,30,0.3766,292.798,72.21,41.44,56.83,0.11,4.21
1556,2011,31,0.3853,293.16,78.28,39.1,58.69,0.17,3.32
1557,2011,32,0.3956,293.436,84.51,36.49,60.5,0.06,2.27
1558,2011,33,0.4018,293.621,88.37,33.34,60.86,0.0,2.44
1559,2011,34,0.4086,294.116,91.65,23.37,57.51,0.06,3.27
1560,2011,35,0.4059,294.202,92.6,13.38,52.99,0.11,4.76
1561,2011,36,0.3906,293.473,92.13,8.9,50.52,0.11,6.42
1562,2011,37,0.3721,292.343,91.96,5.94,48.95,0.11,7.2
1563,2011,38,0.3527,290.984,91.77,5.02,48.4,0.0,7.42
1564,2011,39,0.3297,289.095,91.14,6.36,48.75,0.06,7.92
1565,2011,40,0.3016,286.703,89.42,9.58,49.5,0.17,9.47
1566,2011,41,0.2767,284.557,88.09,9.36,48.72,0.22,10.58
1567,2011,42,0.2568,282.677,88.27,7.27,47.77,0.17,10.13
1568,2011,43,0.2341,280.787,87.98,5.52,46.75,0.11,10.8
1569,2011,44,0.2108,279.061,87.93,3.73,45.83,0.11,11.07
1570,2011,45,0.1845,276.83,87.33,5.07,46.2,0.06,11.35
1571,2011,46,0.1566,274.356,86.16,6.89,46.53,0.17,12.13
1572,2011,47,0.135,271.796,86.49,10.51,48.5,0.0,9.8
1573,2011,48,0.1166,269.267,86.79,14.15,50.47,0.0,6.26
1574,2011,49,0.1056,267.132,86.45,17.55,52.0,0.0,5.09
1575,2011,50,0.0986,265.626,86.48,19.7,53.09,0.0,5.37
1576,2011,51,0.0904,263.841,83.04,23.64,53.34,0.22,7.81
1577,2011,52,0.0844,261.869,77.23,30.02,53.63,0.06,8.86
1578,2012,1,0.1148,266.419,74.37,21.92,48.14,0.0,12.96
1579,2012,2,0.1027,263.717,69.91,34.66,52.28,0.0,4.98
1580,2012,3,0.0965,261.258,64.47,48.56,56.52,0.0,0.66
1581,2012,4,0.0903,259.723,54.6,60.31,57.45,0.0,0.61
1582,2012,5,0.088,259.365,45.64,68.09,56.87,0.0,0.11
1583,2012,6,0.0853,259.892,37.36,72.29,54.82,0.0,0.39
1584,2012,7,0.0844,261.028,32.58,74.45,53.51,0.0,0.17
1585,2012,8,0.0948,263.479,35.85,72.67,54.25,0.0,0.33
1586,2012,9,0.1059,266.215,39.26,69.33,54.29,0.0,0.44
1587,2012,10,0.124,270.005,45.01,60.84,52.92,0.0,0.44
1588,2012,11,0.1548,274.496,54.43,47.59,51.01,0.0,0.94
1589,2012,12,0.1797,277.613,58.92,46.52,52.72,0.0,0.83
1590,2012,13,0.2057,280.231,63.07,46.23,54.65,0.0,0.5
1591,2012,14,0.2294,282.831,65.2,44.32,54.76,0.0,1.0
1592,2012,15,0.2577,285.17,68.69,43.65,56.17,0.0,1.11
1593,2012,16,0.2951,287.641,74.67,38.45,56.56,0.0,1.55
1594,2012,17,0.3336,289.967,79.63,32.52,56.08,0.0,1.11
1595,2012,18,0.3688,291.443,82.05,32.0,57.03,0.0,0.61
1596,2012,19,0.3958,292.319,81.21,36.19,58.7,0.0,0.89
1597,2012,20,0.4131,292.505,77.61,46.01,61.81,0.0,0.89
1598,2012,21,0.4197,292.182,70.63,56.9,63.76,0.0,1.16
1599,2012,22,0.4715,293.926,87.74,41.98,64.86,0.0,0.72
1600,2012,23,0.4842,294.539,89.16,37.16,63.16,0.0,0.44
1601,2012,24,0.489,294.912,87.62,33.29,60.46,0.0,0.66
1602,2012,25,0.4942,295.322,88.3,29.86,59.08,0.0,0.78
1603,2012,26,0.495,295.623,88.65,27.8,58.22,0.0,0.55
1604,2012,27,0.4931,296.255,88.28,22.31,55.3,0.0,2.16
1605,2012,28,0.4911,296.565,89.52,20.12,54.82,0.0,3.1
1606,2012,29,0.4803,296.399,87.46,24.39,55.93,0.0,3.54
1607,2012,30,0.4734,296.266,86.91,29.97,58.44,0.06,2.71
1608,2012,31,0.4699,296.176,87.64,30.67,59.16,0.06,2.82
1609,2012,32,0.4598,295.77,85.14,33.47,59.3,0.06,2.99
1610,2012,33,0.4514,295.141,84.69,37.06,60.87,0.06,2.33
1611,2012,34,0.439,294.197,82.44,41.42,61.93,0.0,1.5
1612,2012,35,0.4315,293.241,83.44,42.0,62.72,0.0,0.83
1613,2012,36,0.4302,292.858,88.62,30.73,59.67,0.0,0.72
1614,2012,37,0.4195,292.139,90.31,22.9,56.6,0.0,0.55
1615,2012,38,0.4007,290.946,89.07,20.93,55.0,0.0,1.05
1616,2012,39,0.378,289.234,86.67,21.76,54.21,0.0,1.94
1617,2012,40,0.3533,287.488,83.23,21.41,52.32,0.0,3.05
1618,2012,41,0.3276,285.819,82.28,17.65,49.96,0.0,4.26
1619,2012,42,0.2956,283.598,79.36,24.75,52.05,0.0,2.44
1620,2012,43,0.2627,280.77,74.81,36.15,55.48,0.0,0.89
1621,2012,44,0.2301,277.9,71.01,36.67,53.84,0.0,1.5
1622,2012,45,0.1907,274.838,62.37,39.54,50.96,0.0,2.55
1623,2012,46,0.1522,271.544,51.76,45.26,48.51,0.0,3.77
1624,2012,47,0.1184,267.866,42.2,53.99,48.09,0.0,4.54
1625,2012,48,0.0976,264.13,37.31,64.12,50.72,0.0,2.88
1626,2012,49,0.0848,260.981,33.16,69.51,51.33,0.0,3.65
1627,2012,50,0.074,258.967,27.33,69.45,48.39,0.0,8.31
1628,2012,51,0.0668,257.382,24.72,68.63,46.67,0.0,12.35
1629,2012,52,0.0619,256.728,22.98,66.88,44.93,0.0,17.28
1630,2013,1,0.0575,256.806,23.48,64.85,44.16,0.06,19.16
1631,2013,2,0.0572,257.11,25.31,63.43,44.37,0.0,18.16
1632,2013,3,0.0574,257.14,26.34,64.45,45.4,0.0,16.22
1633,2013,4,0.0542,256.549,23.15,69.75,46.45,0.0,12.74
1634,2013,5,0.0506,256.8,18.34,74.17,46.25,0.0,11.07
1635,2013,6,0.0504,258.095,15.23,74.8,45.01,0.0,12.85
1636,2013,7,0.0521,259.961,14.08,73.57,43.83,0.0,15.73
1637,2013,8,0.0554,261.775,14.64,74.1,44.37,0.0,11.68
1638,2013,9,0.0617,263.085,16.28,76.52,46.4,0.0,5.76
1639,2013,10,0.0695,264.417,17.31,78.29,47.8,0.0,3.05
1640,2013,11,0.0791,265.737,17.48,80.01,48.74,0.0,2.71
1641,2013,12,0.094,267.066,17.92,85.72,51.82,0.0,1.11
1642,2013,13,0.1126,269.754,18.1,88.35,53.23,0.0,0.66
1643,2013,14,0.1377,273.416,20.26,89.65,54.96,0.0,0.94
1644,2013,15,0.177,278.172,28.28,85.5,56.89,0.0,0.78
1645,2013,16,0.2349,283.861,44.81,66.65,55.73,0.06,2.1
1646,2013,17,0.2857,288.13,56.53,49.35,52.94,0.0,5.48
1647,2013,18,0.3299,290.858,63.93,37.62,50.77,0.0,6.76
1648,2013,19,0.3629,292.289,65.92,35.97,50.95,0.0,7.42
1649,2013,20,0.3907,293.423,66.98,35.22,51.1,0.11,7.86
1650,2013,21,0.4143,294.066,67.81,36.39,52.1,0.06,6.64
1651,2013,22,0.4343,294.512,70.02,35.82,52.92,0.0,6.42
1652,2013,23,0.4542,295.003,74.65,32.3,53.47,0.06,4.71
1653,2013,24,0.4687,295.284,77.6,29.1,53.35,0.0,3.43
1654,2013,25,0.4807,295.671,81.93,25.7,53.82,0.0,2.66
1655,2013,26,0.4802,295.825,81.91,25.22,53.57,0.0,3.05
1656,2013,27,0.4695,295.623,77.46,29.41,53.44,0.0,3.88
1657,2013,28,0.4559,295.401,72.73,33.98,53.35,0.0,5.59
1658,2013,29,0.4527,295.58,73.85,34.77,54.31,0.06,6.09
1659,2013,30,0.4529,295.834,77.08,35.5,56.29,0.0,4.82
1660,2013,31,0.4466,295.739,76.37,36.24,56.3,0.06,5.04
1661,2013,32,0.4385,295.543,74.03,36.66,55.35,0.22,6.7
1662,2013,33,0.4306,294.861,73.31,41.12,57.21,0.28,6.15
1663,2013,34,0.4149,293.625,68.8,49.35,59.07,0.22,4.54
1664,2013,35,0.39,291.614,61.08,63.36,62.22,0.0,2.16
1665,2013,36,0.362,289.53,55.11,70.16,62.64,0.0,1.0
1666,2013,37,0.3375,287.609,51.86,73.15,62.5,0.0,1.0
1667,2013,38,0.319,285.811,51.19,78.11,64.65,0.0,0.94
1668,2013,39,0.2985,284.511,49.66,76.58,63.12,0.0,1.44
1669,2013,40,0.2844,283.597,50.74,66.92,58.83,0.0,4.54
1670,2013,41,0.27,282.688,54.44,54.18,54.31,0.0,7.7
1671,2013,42,0.2584,282.061,60.98,39.94,50.46,0.0,6.98
1672,2013,43,0.2363,280.726,61.28,36.12,48.7,0.0,5.59
1673,2013,44,0.2094,279.262,59.57,25.86,42.71,0.0,15.61
1674,2013,45,0.1817,277.444,56.78,21.78,39.28,0.06,29.18
1675,2013,46,0.1604,275.269,56.22,23.39,39.8,0.0,27.96
1676,2013,47,0.1426,273.372,56.92,24.4,40.66,0.0,24.7
1677,2013,48,0.1334,271.874,60.0,25.57,42.78,0.0,15.06
1678,2013,49,0.1303,270.815,63.84,24.45,44.15,0.0,10.47
1679,2013,50,0.1305,271.025,68.69,15.23,41.96,0.0,15.84
1680,2013,51,0.1216,270.31,67.71,11.07,39.39,0.0,27.91
1681,2013,52,0.1139,269.745,67.44,9.84,38.64,0.06,33.78
1682,2014,1,0.1071,267.789,72.06,16.32,44.19,0.0,15.45
1683,2014,2,0.0979,265.605,67.76,26.27,47.02,0.0,9.8
1684,2014,3,0.0907,264.267,60.16,34.44,47.3,0.0,9.47
1685,2014,4,0.0905,264.529,55.3,37.68,46.49,0.0,11.57
1686,2014,5,0.1102,268.557,61.63,25.88,43.76,0.0,19.55
1687,2014,6,0.1297,271.676,65.65,19.08,42.36,0.06,19.77
1688,2014,7,0.1547,274.748,73.3,11.17,42.23,0.06,17.77
1689,2014,8,0.1785,277.266,80.72,6.72,43.72,0.06,10.8
1690,2014,9,0.1996,279.422,86.46,4.4,45.43,0.11,7.14
1691,2014,10,0.2257,281.912,91.77,2.55,47.16,0.11,4.26
1692,2014,11,0.2485,283.745,93.59,1.49,47.54,0.0,2.93
1693,2014,12,0.2625,285.056,93.04,5.69,49.36,0.0,2.27
1694,2014,13,0.2741,286.186,91.91,10.11,51.01,0.0,1.94
1695,2014,14,0.2915,287.371,91.66,11.03,51.35,0.0,3.16
1696,2014,15,0.3098,288.091,90.91,16.99,53.95,0.0,2.27
1697,2014,16,0.3303,288.935,89.07,25.28,57.17,0.0,1.94
1698,2014,17,0.3571,289.92,87.89,33.41,60.65,0.0,1.38
1699,2014,18,0.3792,290.634,85.21,41.45,63.33,0.0,0.72
1700,2014,19,0.4019,291.277,82.96,48.38,65.67,0.0,0.66
1701,2014,20,0.4174,291.633,79.01,56.18,67.6,0.0,0.55
1702,2014,21,0.4266,291.842,73.67,61.22,67.44,0.0,0.5
1703,2014,22,0.4498,292.596,77.63,56.0,66.82,0.0,0.28
1704,2014,23,0.4676,293.388,81.34,49.27,65.3,0.0,0.55
1705,2014,24,0.4758,293.796,81.01,45.57,63.29,0.0,0.78
1706,2014,25,0.4771,294.275,80.07,41.66,60.87,0.0,1.22
1707,2014,26,0.4727,294.625,78.15,39.1,58.63,0.0,1.55
1708,2014,27,0.4724,295.281,79.06,33.5,56.28,0.0,2.33
1709,2014,28,0.4643,295.676,77.5,30.73,54.12,0.06,4.26
1710,2014,29,0.4587,296.233,77.4,26.47,51.93,0.17,6.76
1711,2014,30,0.4554,296.655,78.72,25.17,51.95,0.11,6.59
1712,2014,31,0.4496,296.463,78.07,27.15,52.61,0.22,6.92
1713,2014,32,0.4459,295.982,77.83,30.81,54.32,0.28,6.2
1714,2014,33,0.4419,295.401,79.35,33.63,56.49,0.17,4.1
1715,2014,34,0.4383,294.834,81.72,32.75,57.24,0.11,2.88
1716,2014,35,0.4332,293.912,84.04,32.73,58.38,0.0,1.55
1717,2014,36,0.4276,292.768,87.59,31.61,59.6,0.0,0.66
1718,2014,37,0.4171,291.841,89.66,25.75,57.7,0.0,0.66
1719,2014,38,0.3991,290.841,88.96,21.25,55.1,0.0,0.83
1720,2014,39,0.3725,288.739,84.63,26.96,55.79,0.0,1.11
1721,2014,40,0.3437,286.371,78.96,33.97,56.46,0.0,1.22
1722,2014,41,0.3153,284.495,76.65,31.99,54.32,0.0,1.83
1723,2014,42,0.2848,282.696,74.3,33.18,53.74,0.0,1.88
1724,2014,43,0.2522,280.691,69.64,36.31,52.97,0.0,1.77
1725,2014,44,0.2184,278.287,64.6,33.44,49.02,0.0,4.82
1726,2014,45,0.185,275.516,58.79,34.82,46.81,0.0,7.64
1727,2014,46,0.1519,272.44,51.17,39.98,45.57,0.0,10.41
1728,2014,47,0.1278,270.377,47.57,40.55,44.06,0.0,14.29
1729,2014,48,0.1104,268.524,45.04,42.47,43.76,0.0,15.12
1730,2014,49,0.1023,266.585,44.56,44.93,44.75,0.0,12.46
1731,2014,50,0.1017,265.691,47.23,41.24,44.24,0.0,16.94
1732,2014,51,0.1014,265.527,51.0,34.37,42.68,0.06,22.2
1733,2014,52,0.1003,264.824,54.6,33.05,43.82,0.06,19.1
1734,2015,1,0.1036,265.014,65.65,29.45,47.55,0.0,14.23
1735,2015,2,0.1088,266.025,73.48,24.0,48.74,0.0,10.13
1736,2015,3,0.1181,267.839,80.01,16.84,48.43,0.0,7.2
1737,2015,4,0.1271,269.501,81.62,13.85,47.74,0.0,6.59
1738,2015,5,0.134,270.924,77.31,14.9,46.11,0.0,9.3
1739,2015,6,0.1397,272.474,71.63,15.71,43.67,0.0,15.89
1740,2015,7,0.1471,273.869,68.84,15.28,42.06,0.0,21.32
1741,2015,8,0.1599,275.827,71.07,13.36,42.22,0.0,20.76
1742,2015,9,0.177,278.042,75.96,10.52,43.24,0.0,18.38
1743,2015,10,0.1886,279.497,77.27,12.62,44.94,0.0,14.78
1744,2015,11,0.2062,281.744,78.79,8.84,43.81,0.0,18.05
1745,2015,12,0.219,283.546,77.39,13.09,45.24,0.0,15.34
1746,2015,13,0.2305,285.031,74.94,16.55,45.74,0.0,15.89
1747,2015,14,0.2416,286.612,71.07,15.9,43.48,0.0,23.86
1748,2015,15,0.2569,288.289,68.2,14.96,41.58,0.33,30.23
1749,2015,16,0.2856,289.968,69.9,15.03,42.46,0.39,27.63
1750,2015,17,0.3175,291.523,71.77,16.21,43.99,0.33,23.59
1751,2015,18,0.3434,292.481,69.99,21.09,45.54,0.22,18.94
1752,2015,19,0.367,293.508,67.66,23.45,45.56,0.28,19.71
1753,2015,20,0.3926,294.325,67.87,25.98,46.92,0.44,16.83
1754,2015,21,0.4138,295.059,67.59,26.02,46.81,0.61,16.83
1755,2015,22,0.4301,295.612,67.93,25.07,46.5,1.44,17.39
1756,2015,23,0.4463,296.22,70.62,21.23,45.93,1.72,18.72
1757,2015,24,0.4568,296.593,71.3,17.83,44.56,1.94,22.15
1758,2015,25,0.4625,296.806,72.26,16.73,44.49,1.66,23.42
1759,2015,26,0.4592,296.816,70.53,17.55,44.04,1.55,25.14
1760,2015,27,0.4545,297.004,68.92,16.8,42.86,1.88,26.58
1761,2015,28,0.4525,297.624,70.22,11.91,41.07,2.38,30.84
1762,2015,29,0.4493,297.894,71.67,11.0,41.34,2.6,30.18
1763,2015,30,0.4436,298.175,71.86,11.18,41.52,2.71,29.51
1764,2015,31,0.436,298.779,70.26,6.6,38.43,4.43,37.32
1765,2015,32,0.4202,298.916,63.24,5.33,34.28,7.86,50.17
1766,2015,33,0.4051,298.701,58.06,4.81,31.44,12.57,57.36
1767,2015,34,0.3845,297.622,50.88,6.77,28.83,17.88,64.67
1768,2015,35,0.364,295.975,46.75,11.41,29.08,17.0,65.61
1769,2015,36,0.3492,294.168,48.23,16.57,32.4,11.46,55.87
1770,2015,37,0.3377,291.867,51.33,25.96,38.65,5.81,40.25
1771,2015,38,0.3293,289.353,55.43,39.28,47.35,1.88,22.48
1772,2015,39,0.3218,287.234,59.96,45.59,52.78,1.05,15.45
1773,2015,40,0.3072,285.541,60.86,43.95,52.4,0.61,15.5
1774,2015,41,0.285,283.888,61.24,39.17,50.2,0.39,17.0
1775,2015,42,0.2571,282.087,60.12,39.1,49.61,0.06,14.12
1776,2015,43,0.229,280.501,57.51,37.82,47.67,0.11,14.95
1777,2015,44,0.1989,279.154,53.84,26.63,40.23,0.28,29.57
1778,2015,45,0.1621,277.232,45.59,23.27,34.43,0.89,54.37
1779,2015,46,0.1416,275.597,45.01,21.72,33.36,0.72,60.13
1780,2015,47,0.1318,274.635,50.12,17.94,34.03,0.33,57.2
1781,2015,48,0.1312,274.193,58.47,14.11,36.29,0.17,44.3
1782,2015,49,0.1318,273.997,64.62,9.69,37.15,0.06,38.87
1783,2015,50,0.1335,273.931,70.63,4.73,37.68,0.11,36.1
1784,2015,51,0.1324,273.915,75.12,2.3,38.71,0.33,30.12
1785,2015,52,0.1393,273.559,84.59,1.64,43.12,0.17,13.9
1786,2016,1,0.1124,265.894,75.85,25.67,50.76,0.0,5.7
1787,2016,2,0.1066,264.632,75.25,31.48,53.36,0.0,2.21
1788,2016,3,0.1085,264.924,76.48,31.43,53.96,0.0,1.16
1789,2016,4,0.1141,266.243,75.25,29.31,52.28,0.0,1.66
1790,2016,5,0.121,268.611,70.04,25.49,47.77,0.0,5.98
1791,2016,6,0.13,270.659,66.37,23.8,45.08,0.0,8.75
1792,2016,7,0.1415,272.696,66.12,20.46,43.29,0.0,12.46
1793,2016,8,0.1472,274.012,64.63,21.68,43.16,0.06,13.73
1794,2016,9,0.1518,275.091,63.44,24.63,44.03,0.0,12.35
1795,2016,10,0.1578,276.053,62.38,29.86,46.12,0.0,7.7
1796,2016,11,0.1726,277.783,63.18,29.45,46.32,0.0,7.48
1797,2016,12,0.1908,279.699,64.28,34.61,49.44,0.0,4.21
1798,2016,13,0.2073,281.532,63.85,38.36,51.11,0.0,4.21
1799,2016,14,0.2116,282.699,56.37,45.96,51.17,0.0,7.36
